iso,iso3,iso_numeric,fips,country name,name,abbreviation,founded,affiliation,regional affiliation,Affiliation Date,headquarters,website,alternate_website,wikipedia,president
BE,BEL,4,AF,Afghanistan,Afghanistan Athletic Federation,AAF,,IAAF,AAA,,,,,,
TK,TKL,248,,Aland Islands,,,,,,,,,,,
BF,BFA,8,AL,Albania,Albanian Athletics Federation,FSHA,1920,IAAF,EAA,,Tirana,http://www.aaf.al/,,https://en.wikipedia.org/wiki/Albanian_Athletics_Federation,
AL,ALB,12,AG,Algeria, Fédération Algérienne d'Athlétisme,FAA,,IAAF,CAA,,,,,,
BI,BDI,16,AQ,American Samoa,American Samoa Track & Field Association,ASTFA,1976,IAAF,OAA,1986,"Pago Pago, Tutuila",http://websites.sportstg.com/assoc_page.cgi?c=2-1142-0-0-0,,https://en.wikipedia.org/wiki/American_Samoa_Track_%26_Field_Association,
GR,GRC,20,AN,Andorra,Federació Andorrana d'Atletisme,FAA,1984,IAAF,EAA,,Andorra la Vella,http://www.faa.ad/,,https://en.wikipedia.org/wiki/Andorran_Athletics_Federation,
GI,GIB,24,AO,Angola,Federação Angolana de Atletismo,FAA,1979,IAAF,CAA,,Luanda,http://www.atletismoangola.com/,,https://en.wikipedia.org/wiki/Angolan_Athletics_Federation,
BJ,BEN,660,AV,Anguilla,Anguilla Amateur Athletic Federation,AAAF,1978,IAAF,NACAC,,The Valley,https://trackandfieldaxa.wordpress.com/,http://www.freewebs.com/axathletics,https://en.wikipedia.org/wiki/Anguilla_Amateur_Athletic_Federation,
TJ,TJK,10,AY,Antarctica,,,,,,,,,,,
BL,BLM,28,AC,Antigua and Barbuda,Antigua & Barbuda Athletic Association,ABAA,1960,IAAF,NACAC,,St. John’s,,,https://en.wikipedia.org/wiki/Antigua_%26_Barbuda_Athletic_Association,
FO,FRO,32,AR,Argentina,Confederación Argentina de Atletismo,CADA,1954,IAAF,CONSUDATLE,,Santa Fe,https://www.cada-atletismo.org/,,https://en.wikipedia.org/wiki/Argentine_Athletics_Confederation,
SZ,SWZ,51,AM,Armenia,Հայաստանի Աթլետիկայի Ֆեդերացիա,HAF,,IAAF,EAA,,Yerevan,http://www.armatletika.am/,,https://en.wikipedia.org/wiki/Armenian_Athletic_Federation,
BM,BMU,533,AA,Aruba,Arubaanse Atletiek Bond,AAB,1963,IAAF,NACAC,1986,Oranjestad,http://www.arubaathleticfederation.org/,,,https://en.wikipedia.org/wiki/Aruba_Athletic_Federation
CD,COD,36,AS,Australia,Athletics Australia,AA,1897,IAAF,OAA,,"Albert Park, Victoria",http://www.athletics.com.au/,,https://en.wikipedia.org/wiki/Athletics_Australia,
NZ,NZL,40,AU,Austria,Österreichischer Leichtathletik-Verband,ÖLV,,IAAF,EAA,,Vienna,https://www.oelv.at/de,,https://en.wikipedia.org/wiki/Austrian_Athletics_Federation,
DZ,DZA,31,AJ,Azerbaijan,Azərbaycan Atletika Federasiyası,AAF,1923,IAAF,EAA,,Baku,https://af-aze.org/en/,,https://en.wikipedia.org/wiki/Azerbaijan_Athletics_Federation,
EC,ECU,44,BF,Bahamas,Bahamas Association of Athletic Associations,BAAA,1952,IAAF,NACAC,1952,Nassau,http://www.bahamastrack.com/,,https://en.wikipedia.org/wiki/Bahamas_Association_of_Athletic_Associations,
AG,ATG,48,BA,Bahrain, Bahrain Athletics Association,BAA,,,AAA,,,,,,
EE,EST,50,BG,Bangladesh,Bangladesh Athletics Federation,BAF,,,AAA,,,,,,
BV,BVT,52,BB,Barbados,Athletics Association of Barbados,AAB,1947,IAAF,NACAC,1966,"St. Michael, Barbados",http://aab.sports.bb/,https://web.archive.org/web/20130421072811/http://aabarbados.com/,https://en.wikipedia.org/wiki/Athletics_Association_of_Barbados,
SR,SUR,112,BO,Belarus,Беларускaя федэрацыя легкай атлетыкі,BAF,,IAAF,EAA,,Minsk,http://www.bfla.eu/,,https://en.wikipedia.org/wiki/Belarus_Athletic_Federation,
PK,PAK,56,BE,Belgium,Royal Belgian Athletics League,,,IAAF,EAA,,Bruzelles,http://www.belgian-athletics.be/,,,https://en.wikipedia.org/wiki/Royal_Belgian_Athletics_League
EG,EGY,84,BH,Belize,Belize Athletic Association,BAA,1956,IAAF,NACAC,1962,Belize City,https://www.facebook.com/Belize-Athletics-Association-148687778495156/,https://web.archive.org/web/20120228022743/http://www.belizeathletics.org.bz/,https://en.wikipedia.org/wiki/Belize_Athletic_Association,
JM,JAM,204,BN,Benin,Fédération Béninoise d'Athlétisme ,FBA,,IAAF,CAA,,,,,,
EH,ESH,60,BD,Bermuda,Bermuda National Athletics Association,BNAA,1946,IAAF,NACAC,1974,Hamilton,http://www.athleticsbda.com/,https://web.archive.org/web/20130619210113/http://www.bnaa.bm/,https://en.wikipedia.org/wiki/Bermuda_National_Athletics_Association,
ER,ERI,64,BT,Bhutan,Bhutan Amateur Athletic Federation ,BAAF,,,AAA,,,,,,
GS,SGS,68,BL,Bolivia,Federación Atlética de Bolivia,FAB,02/20/1929,IAAF,CONSUDATLE,03/01/1929,La Paz,http://federacionatleticadebolivia.com/,,https://en.wikipedia.org/wiki/Bolivian_Athletics_Federation,
TM,TKM,535,,"Bonaire, Saint Eustatius and Saba ",,,,,,,,,,,
DM,DMA,70,BK,Bosnia and Herzegovina,Atletski savez Bosne i Hercegovine,ASBiH,1946,IAAF,EAA,,Sarajevo,http://www.asbih.org/,,https://en.wikipedia.org/wiki/Athletic_Federation_of_Bosnia_and_Herzegovina,
ES,ESP,72,BC,Botswana,Botswana Athletics Association,BAA,06/18/1972,IAAF,CAA,,,http://www.bnsc.co.bw,,https://en.wikipedia.org/wiki/Botswana_Athletics_Association,
TN,TUN,74,BV,Bouvet Island,,,,,,,,,,,
FM,FSM,76,BR,Brazil,Confederação Brasileira de Atletismo,CBAt,12/02/1977,IAAF,CONSUDATLE,1922,Sao Paulo,http://www.cbat.org.br/,,https://en.wikipedia.org/wiki/Brazilian_Athletics_Confederation,
UY,URY,86,IO,British Indian Ocean Territory,,,,,,,,,,,
CS,SCG,92,VI,British Virgin Islands,,,,,NACAC,,,,,,
ET,ETH,96,BX,Brunei,Brunei Darussalam Athletics Association,BDAA,,,AAA,,,,,,
ST,STP,100,BU,Bulgaria,Българска федерация по лека атлетика,BFLA,1924,IAAF,EAA,,Sofia,http://www.bfla.org/,,https://en.wikipedia.org/wiki/Bulgarian_Athletic_Federation,
JO,JOR,854,UV,Burkina Faso,Fédération Burkinabé d'Athlétisme,FBA,,,CAA,,,,,,
KH,KHM,108,BY,Burundi,Fédération d'Athlétisme du Burundi ,FAB,,IAAF,CAA,,,,,,
AX,ALA,116,CB,Cambodia, Khmer Amateur Athletics Federation,KAAF,,,AAA,,,,,,
AM,ARM,120,CM,Cameroon, Fédération Camerounaise d'Athlétisme,FCA,,,CAA,,,,,,
TO,TON,124,CA,Canada,Athlétisme Canada,ACI,1884,IAAF,NACAC,,"Ottawa, Ontario",http://athletics.ca/,,https://en.wikipedia.org/wiki/Athletics_Canada,
GL,GRL,132,CV,Cape Verde,Federação Caboverdiana de Atletismo,FCA,1989,IAAF,CAA,1989,Praia,http://www.fcatletismo.org/en-us/,,https://en.wikipedia.org/wiki/Cape_Verdean_Athletics_Federation,
FI,FIN,136,CJ,Cayman Islands,Cayman Islands Athletic Association,CIAA,1980,IAAF,NACAC,1981,George Town,,,https://en.wikipedia.org/wiki/Cayman_Islands_Athletic_Association,
JP,JPN,140,CT,Central African Republic,Fédération Centrafricaine d'Athlétisme,FCA,,,CAA,,,,,,
AW,ABW,148,CD,Chad, Federation Tchadienne d'Athletisme,FTA,,,CAA,,,,,,
GT,GTM,152,CI,Chile,Federación Atlética de Chile,FEDACHI,05/21/1914,IAAF,CONSUDATLE,05/24/1918,Santiago,http://www.fedachi.cl,,,https://en.wikipedia.org/wiki/Chilean_Athletics_Federation
TF,ATF,156,CH,China,中国田径协会,,1954,,AAA,,,,,https://en.wikipedia.org/wiki/Chinese_Athletic_Association,
TT,TTO,162,KT,Christmas Island,,,,,,,,,,,
TR,TUR,166,CK,Cocos Islands,,,,,,,,,,,
GU,GUM,170,CO,Colombia,Federación Colombiana de Atletismo,FECODATLE,,IAAF,CONSUDATLE,1937,Santafe De Bogota,http://www.fecodatle.org/,,https://en.wikipedia.org/wiki/Colombian_Athletics_Federation,
KE,KEN,174,CN,Comoros,Fédération Comorienne d'Athlétisme,FCA,,,,,,,,,
CF,CAF,184,CW,Cook Islands,Athletics Cook Islands,ACI,1962,IAAF,OAA,1966,"Nikao, Rarotonga",https://en.wikipedia.org/wiki/Athletics_Cook_Islands,,http://websites.sportstg.com/assoc_page.cgi?c=2-1090-0-0-0,
GW,GNB,188,CS,Costa Rica,Federación Costarricense de Atletismo,FECOA,1960,IAAF,NACAC,,San Jose,http://www.fecoa.org/,https://web.archive.org/web/20130407151930/http://www.fecoa.info/,https://en.wikipedia.org/wiki/Costa_Rican_Athletics_Federation,
MC,MCO,191,HR,Croatia,Hrvatski atletski savez,HAS,1992,IAAF,EAA,1992,,http://www.has.hr/,,https://en.wikipedia.org/wiki/Croatian_Athletics_Federation,
GY,GUY,192,CU,Cuba,Federación Cubana de Atletismo,FCA,03/22/1922,IAAF,NACAC,1924,La Habana,,,https://en.wikipedia.org/wiki/Cuban_Athletics_Federation,
GA,GAB,531,UC,Curacao,Curaçaose Atletiek Bond,CAB,09/16/1966,,CACAC,,Willemstad,http://www.curacaoatletiekbond.com/,,https://en.wikipedia.org/wiki/Cura%C3%A7ao_Athletics_Association,
SM,SMR,196,CY,Cyprus,Κυπριακή Ομοσπονδία Ερασιτεχνικού Αθλητισμού Στίβου,ΚΟΕΑΣ,,,EAA,,,,,https://en.wikipedia.org/wiki/List_of_Cypriot_records_in_athletics,
FJ,FJI,203,EZ,Czechia,"Český atletický svaz,",ČAS,,,EAA,,,http://www.atletika.cz/,,https://en.wikipedia.org/wiki/Czech_Athletics_Federation,
AQ,ATA,180,CG,Democratic Republic of the Congo, Fédération d'Atlétisme du Congo,FAC,,,CAA,,,,,,
AI,AIA,208,DA,Denmark, Dansk Atletik Forbund,DAF,,,EAA,,,,,,
AR,ARG,262,DJ,Djibouti, Fédération Djiboutienne d'Athlétisme,FDA,,,CAA,,,,,,
GD,GRD,212,DO,Dominica,Dominica Amateur Athletic Association,DAAA,1985,IAAF,NACAC,1986,Roseau,http://www.daaa.dm/,,https://en.wikipedia.org/wiki/Dominica_Amateur_Athletic_Association,
HN,HND,214,DR,Dominican Republic,Federación Dominicana de Asociaciones de Atletismo,FDAA,03/21/1953,IAAF,NACAC,12/18/1953,Santa Domingo,http://www.fedomatle.org/,,https://en.wikipedia.org/wiki/Athletics_Federation_of_the_Dominican_Republic,
GQ,GNQ,626,TT,East Timor,Federaçao Timor-Leste de Atletismo,FTA,,,AAA,,,,,,
HT,HTI,218,EC,Ecuador,Federación Ecuatoriana de Atletismo,FEA,,IAAF,CONSUDATLE,1925,"Cuenca, Azuay",http://www.featle.org.ec/,https://web.archive.org/web/20121001104412/http://www.coe.org.ec/index.php/federaciones/ecuatorianas-por-deporte/84-federacion-ecuatoriana-de-atletismo.html,https://en.wikipedia.org/wiki/Ecuadorian_Athletics_Federation,
GF,GUF,818,EG,Egypt,Egyptian Athletic Federation,EAF,1910,IAAF,CAA,,"Nasr City, Cairo",,,https://en.wikipedia.org/wiki/Egyptian_Athletic_Federation,
IO,IOT,222,ES,El Salvador,Federación Salvadoreña de Atletismo,FEDEATLETISMO,1943,IAAF,NACAC,,San Salvadore,http://atletismoelsalvador.org/,,https://en.wikipedia.org/wiki/Salvadorian_Athletics_Federation,
HR,HRV,226,EK,Equatorial Guinea,Federación Ecuatoguineana de Atletismo,FEA,1979,IAAF,CAA,1986,Malabo,,,https://en.wikipedia.org/wiki/Athletics_Federation_of_Equatorial_Guinea,
GG,GGY,232,ER,Eritrea,Eritrean National Athletics Federation,ENAF,,,CAA,,,,,,
GE,GEO,233,EN,Estonia,Eesti Kergejõustikuliit,EKJL,1920,IAAF,EAA,,Tallinn,http://www.ekjl.ee/,,https://en.wikipedia.org/wiki/Estonian_Athletic_Association,
GH,GHA,231,ET,Ethiopia,Ethiopian Athletic Federation,EAF,1949,IAAF,CAA,,Addis Ababa,http://eaf.org.et/,,https://en.wikipedia.org/wiki/Ethiopian_Athletics_Federation,
TW,TWN,238,FK,Falkland Islands,,,,,,,,,,,
TZ,TZA,234,FO,Faroe Islands,,,,,,,,,,,
CM,CMR,242,FJ,Fiji,Athletics Fiji,AF,1947,IAAF,OAA,1950,"Suva, Viti Levu",http://www.athleticsfiji.com/,,https://en.wikipedia.org/wiki/Athletics_Fiji,
PY,PRY,246,FI,Finland,Suomen Urheiluliitto,SUL,1932,,EAA,,,http://www.yleisurheilu.fi/,,https://en.wikipedia.org/wiki/Finnish_Amateur_Athletic_Association,
AS,ASM,250,FR,France, Fédération française d'athlétisme,FFA,11/20/1920,IAAF,EAA,1912,,http://www.athle.fr/index.aspx,,https://en.wikipedia.org/wiki/French_Athletics_Federation,
BW,BWA,254,FG,French Guiana,Athletics Association of Guyana,AAG,1948,IAAF,CONSUDATLE,,,http://aaguyana.com/,,https://en.wikipedia.org/wiki/Athletics_Association_of_Guyana,
AO,AGO,258,FP,French Polynesia, Fédération d'Athlétisme de Polynésie Française,FAPF,,,OAA,,,,,,
YT,MYT,260,FS,French Southern Territories,,,,,,,,,,,
KM,COM,266,GB,Gabon,Fédération Gabonaise d'Athlétisme,FGA,,,CAA,,,,,,
LT,LTU,270,GA,Gambia,Gambia Athletics Association,GAA,,,,,,,,,
SY,SYR,268,GG,Georgia,საქართველოს მძლეოსნობის ეროვნული ფედერაცია,AFG,,IAAF,EAA,,Tbilissi,http://www.geoathletics.ge/,,https://en.wikipedia.org/wiki/Athletic_Federation_of_Georgia,
GB,GBR,276,GM,Germany,Deutscher Leichtathletik-Verband,DVL,01/29/1998,,EAA,,,https://www.leichtathletik.de/verband/,,https://en.wikipedia.org/wiki/German_Athletics_Association,
LU,LUX,288,GH,Ghana,Ghana Athletics Association,GAA,1944,IAAF,CAA,,Accra,http://www.ghaathletics.com/,,https://en.wikipedia.org/wiki/Ghana_Athletics_Association,
LV,LVA,292,GI,Gibraltar,Gibraltar Amateur Athletic Association,GAAA,,IAAF,EAA,,Gibraltar,http://www.gaaa.gi/,,https://en.wikipedia.org/wiki/Gibraltar_Amateur_Athletic_Association,
SN,SEN,300,GR,Greece,Σύνδεσμος Ελληνικών Γυμναστικών Αθλητικών Σωματείων,SEGAS,1897,IAAF,EAA,,"Nea Smirni, Athens",http://www.segas.gr,,https://en.wikipedia.org/wiki/Hellenic_Amateur_Athletic_Association,
UG,UGA,304,GL,Greenland,,,,,,,,,,,
LY,LBY,308,GJ,Grenada,Grenada Athletic Association,GAA,1924,IAAF,NACAC,1970,St. George’s,,,https://en.wikipedia.org/wiki/Grenada_Athletic_Association,
MX,MEX,312,GP,Guadeloupe,Ligue Régionale d'Athlétisme de la Guadeloupe,LRAG,11/06/1960,,Fédération française d'athlétisme,,Pointe-a-Pitre,http://liguegua.athle.com/,,https://en.wikipedia.org/wiki/Gibraltar_Amateur_Athletic_Association,
MA,MAR,316,GQ,Guam,Guam Track and Field Association,GTFA,1976,IAAF,OAA,1986,Dedido,http://websites.sportstg.com/assoc_page.cgi?assoc=1145&pID=2,,https://en.wikipedia.org/wiki/Guam_Track_and_Field_Association,
ID,IDN,320,GT,Guatemala,Federación Nacional de Atletismo de Guatemala,FNA,1945,IAAF,NACAC,,Ciudad de Guatemala,https://www.atletismoguatemala.com/,http://www.atletismoguate.com/,https://en.wikipedia.org/wiki/Guatemalan_Athletics_Federation,
UA,UKR,831,GK,Guernsey,Guernsey Athletics,GAA,,,,,,http://guernseyathletics.org.gg/,,,
AT,AUT,324,GV,Guinea, Fédération Guinéenne d'Athlétisme,FGA,,,CAA,,,,,,
GM,GMB,624,PU,Guinea-Bissau,Federação de Atletismo da Guiné-Bissau,FAGB,1988,IAAF,CAA,1991,Bissau,,,https://en.wikipedia.org/wiki/Athletics_Federation_of_Guinea-Bissau,
BY,BLR,328,GY,Guyana,Athletics Association of Guyana,AAG,1948,IAAF,CONSUDATLE,,,http://aaguyana.com/,,https://en.wikipedia.org/wiki/Athletics_Association_of_Guyana,
KN,KNA,332,HA,Haiti,Fédération Haïtienne d'Athlétisme Amateur,FHAA,1969,IAAF,NACAC,1970,Pétion-Ville,,,https://en.wikipedia.org/wiki/Haitian_Amateur_Athletic_Federation,
US,USA,334,HM,Heard Island and McDonald Islands,,,,,,,,,,,
IE,IRL,340,HO,Honduras,Federación Nacional Hondureña de Atletismo,FENHATLE,1951,IAAF,NACAC,,Tegucigalpa,,,https://en.wikipedia.org/wiki/Honduran_National_Athletics_Federation,
TH,THA,344,HK,Hong Kong,香港業餘田徑總會,,,,AAA,,,,,,
MY,MYS,348,HU,Hungary,Magyar Atlétikai Szövetség ,MASZ,,,EAA,,,,,,
LS,LSO,352,IC,Iceland,Frjálsíþróttasamband Íslands,FRÍ,1947,IAAF,EAA,,Reykjavik,http://fri.is/,,https://en.wikipedia.org/wiki/Icelandic_Athletic_Federation,
CG,COG,356,IN,India,Athletics Federation of India,AFI,1946,,AAA,,,http://www.indianathletics.in/,,https://en.wikipedia.org/wiki/Athletics_Federation_of_India,
PA,PAN,360,ID,Indonesia,Persatuan Atletik Seluruh Indonesia,,,IAAF,AAA,,,,,https://en.wikipedia.org/wiki/Indonesian_Athletics_Association,
AD,AND,364,IR,Iran, Amateur Athletic Federation of Islamic Republic of Iran,AAFIRI,,,AAA,,,http://en.iriaaf.ir/,,,
MD,MDA,368,IZ,Iraq,Iraqi Amateur Athletic Federation ,IAAF,,,AAA,,,,,,
BZ,BLZ,372,EI,Ireland,Athletics Association of Ireland,AAI,,IAAF,EAA,,,,,https://en.wikipedia.org/wiki/Athletics_Ireland,
ME,MNE,833,IM,Isle of Man,Isle of Man Athletics,,,,EAA,,,http://www.iomathletics.com/,,,
TC,TCA,376,IS,Israel,איגוד האתלטיקה הישראל,IAA,1931,IAAF,EAA,1989,Tel Aviv,http://www.iaa.co.il/,,https://en.wikipedia.org/wiki/Israeli_Athletic_Association,
LK,LKA,380,IT,Italy,Federazione Italiana di Atletica Leggera,FIDAL,1913,,EAA,,Rome,http://www.fidal.it/,,https://en.wikipedia.org/wiki/Italian_Athletics_Federation,
AU,AUS,384,IV,Ivory Coast, Fédération Ivoirienne d'Athlétisme,FIA,,,CAA,,,,,,
MF,MAF,388,JM,Jamaica,Jamaica Athletics Administrative Association,JAAA,1932,IAAF,NACAC,1948,Kingston,http://www.trackandfieldja.com/,,https://en.wikipedia.org/wiki/Jamaica_Athletics_Administrative_Association,
TG,TGO,392,JA,Japan,日本陸上競技連盟 Nihon Rikujō Kyōgi Renmei,JAAF,,,AAA,,,http://www.jaaf.or.jp/,,https://en.wikipedia.org/wiki/Japan_Association_of_Athletics_Federations,
UZ,UZB,832,JE,Jersey,,,,,,,,,,,
MG,MDG,400,JO,Jordan,Jordan Athletics Federation,JAF,,,AAA,,,,,,
BQ,BES,398,KZ,Kazakhstan,Athletic Federation of the Republic of Kazakhstan,,,,AAA,,,https://kazathletics.kz/en/,,,
CN,CHN,404,KE,Kenya,Athletics Kenya,AK,1951,IAAF,CAA,,Nairobi,http://www.athleticskenya.or.ke/,,https://en.wikipedia.org/wiki/Athletics_Kenya,
MK,MKD,296,KR,Kiribati,Kiribati Athletics Association,KAA,1999,IAAF,OAA,1999,"Bairiki, Tarawa",http://websites.sportstg.com/assoc_page.cgi?c=2-1153-0-0-0,,https://en.wikipedia.org/wiki/Kiribati_Athletics_Association,
IR,IRN,0,KV,Kosovo,Federata e Atletikës së Kosovës,FAK,,IAAF,EAA,,Pristina,http://www.fakosova.org/,,http://fakosova.org/,
MM,MMR,414,KU,Kuwait,Kuwait Amateur Athletic Federation,KAAF,,,AAA,,,http://www.kuwaf.org/site/en/,,,
CH,CHE,417,KG,Kyrgyzstan,Athletics Federation of Kyrgyz Republic,,,,AAA,,,,,,
MN,MNG,418,LA,Laos,Lao Amateur Athletic Federation ,LAAF,,,AAA,,,,,,
MO,MAC,428,LG,Latvia,Latvijas Vieglatlētikas savienība,LVS,1921,IAAF,EAA,,Riga,http://www.lat-athletics.lv/,,https://en.wikipedia.org/wiki/Latvian_Athletics_Association,
KP,PRK,422,LE,Lebanon,Fédération Libanaise d'Athlétisme,FLA,,,AAA,,,http://www.flalb.org/,,,
MP,MNP,426,LT,Lesotho,Lesotho Amateur Athletics Association,LAAA,,,CAA,,,,,,
MQ,MTQ,430,LI,Liberia,Liberia Athletics Federation,LAF,,,CAA,,,,,,
MR,MRT,434,LY,Libya,Libya's Amateur Athletics Federation,LAAF,,,CAA,,,,,,
MS,MSR,438,LS,Liechtenstein,Liechtensteiner Leichtathletikverband,LLV,,,EAA,,,,,,
MT,MLT,440,LH,Lithuania,Lietuvos lengvosios atletikos federacija,LLAF,1921,,EAA,,,http://www.laf.lt/,,https://en.wikipedia.org/wiki/Athletics_Federation_of_Lithuania,
KR,KOR,442,LU,Luxembourg,Fédération Luxembourgeoise d’Athlétisme,FLA,11/11/1928,,EAA,,,,,https://en.wikipedia.org/wiki/Luxembourg_Athletics_Federation,
BN,BRN,446,MC,Macao,Associaçao de Atletismo de Macau,AAMC,,,AAA,,,,,,
DK,DNK,807,MK,Macedonia,Atletska Federacija na Makedonija,AFM,,IAAF,EAA,,Skopje,http://www.afm.org.mk/,,https://en.wikipedia.org/wiki/Athletic_Federation_of_Macedonia,
XK,XKX,450,MA,Madagascar,Federation Malagasy d'Athletisme,,,,CAA,,,,,,
CA,CAN,454,MI,Malawi,Athletics Association of Malawi,AAM,,,CAA,,,,,,
MH,MHL,458,MY,Malaysia,Kesatuan Olahraga Malaysia,,1913,IAAF,AAA,,,http://www.maf.org.my/,,https://en.wikipedia.org/wiki/Malaysia_Athletics_Federation,
CC,CCK,462,MV,Maldives,Athletics Association of Maldives,AAM,,,AAA,,,http://www.athletics.org.mv,,,
KW,KWT,466,ML,Mali,Fédération Malienne d'Athlétisme,FMA,,,CAA,,,,,,
MZ,MOZ,470,MT,Malta,Malta Amateur Athletic Association,,1928,IAAF,EAA,,Marsa,http://www.athleticsmalta.com/,,https://en.wikipedia.org/wiki/Malta_Amateur_Athletic_Association,
VC,VCT,584,RM,Marshall Islands,,,,,OAA,,,,,,
MW,MWI,474,MB,Martinique,Ligue de Martinique d'Athlétisme,LMA,2008,,Fédération française d'athlétisme,,Fort-de-France,http://liguemque.athle.com/,,https://en.wikipedia.org/wiki/Ligue_de_Martinique_d%27Athl%C3%A9tisme,
KI,KIR,478,MR,Mauritania,Federation d'Athletisme R.I Mauritanie,FARIM,,,CAA,,,,,,
NA,NAM,480,MP,Mauritius,Mauritius Athletics Association,MAA,,,CAA,,,http://www.maa.mu/,,,
AN,ANT,175,MF,Mayotte,,,,,,,,,,,
HU,HUN,484,MX,Mexico,Federación Mexicana de Asociaciones de Atletismo,FMAA,1925,IAAF,NACAC,1933,"Iztacalco, Distrito Federal",http://www.fmaa.mx/,,https://en.wikipedia.org/wiki/Federation_of_Mexican_Athletics_Associations,
IS,ISL,583,FM,Micronesia,Federated States of Micronesia Athletic Association,FSMAA,1996,IAAF,OAA,1997,"Kolonia, Pohnpei",http://websites.sportstg.com/assoc_page.cgi?c=2-1143-0-0-0,,https://en.wikipedia.org/wiki/Federated_States_of_Micronesia_Athletic_Association,
IT,ITA,498,MD,Moldova,Federația de Atletism din Republica Moldova,FAM,1991,IAAF,EAA,,Chisinau,http://www.fam.com.md/,,https://en.wikipedia.org/wiki/Athletics_Federation_of_Moldova,
KY,CYM,492,MN,Monaco,Fédération Monégasque d'Athlétisme,FMA,1984,IAAF,EAA,,Yerevan,http://www.fma.mc/,,,
NC,NCL,496,MG,Mongolia,Mongolian Athletic Federation,MAF,,,AAA,,,,,,
DO,DOM,499,MJ,Montenegro,Atletski savez Crne Gore,ASCG,,IAAF,EAA,,Podgorica,http://www.ascg.co.me/,,https://en.wikipedia.org/wiki/Athletic_Federation_of_Montenegro,
NF,NFK,500,MH,Montserrat,Montserrat Amateur Athletic Association,MAAA,1971,IAAF,NACAC,1974,Brades,,,https://en.wikipedia.org/wiki/Montserrat_Amateur_Athletic_Association,
KZ,KAZ,504,MO,Morocco,Fédération Royale Marocaine d’Athlétisme,FRMA,1957,IAAF,CAA,1958,,http://www.moroccanathletics.com/,,https://en.wikipedia.org/wiki/Royal_Moroccan_Athletics_Federation,
GN,GIN,508,MZ,Mozambique,Federação Moçambicana de Atletismo,,1978,IAAF,CAA,1978,Maputo,,,https://en.wikipedia.org/wiki/Mozambican_Athletics_Federation,
NG,NGA,104,BM,Myanmar,Myanmar Track and Field Federation,MTFF,,,AAA,,,,,,
CO,COL,516,WA,Namibia,Athletics Namibia,AN,,,CAA,,,,,,
CR,CRI,520,NR,Nauru,Athletics Nauru,AN,1967,IAAF,OAA,1968,Aiwo District,http://www.foxsportspulse.com/assoc_page.cgi?c=2-1146-0-0-0,,https://en.wikipedia.org/wiki/Athletics_Nauru,
NL,NLD,524,NP,Nepal,Nepal Amateur Athletics Association,NAAA,,,AAA,,,,,,
DJ,DJI,528,NL,Netherlands,Atletiekunie,KNAU,1901,IAAF,EAA,,Arnhem,https://www.atletiekunie.nl/,,https://en.wikipedia.org/wiki/Royal_Dutch_Athletics_Federation,
BA,BIH,530,NT,Netherlands Antilles, Nederlands Antilliaanse Atletiek Unie,NAAU,,,,,,,,,
MV,MDV,540,NC,New Caledonia,Ligue de la Nouvelle Calédonie d'Athlétisme,LNCA,,,,,,http://lnca.athle.com/,,,
CU,CUB,554,NZ,New Zealand,Athletics New Zealand,ANZ,1887,IAAF,OAA,1932,Auckland,http://www.athletics.org.nz/,,,
IL,ISR,558,NU,Nicaragua,Federación Nicaragüense de Atletismo,FNA,1954,,NACAC,,,https://web.archive.org/web/20120513105035/http://www.fna.org.ni/,,https://en.wikipedia.org/wiki/Nicaraguan_Athletics_Federation,
CI,CIV,562,NG,Niger,Athletics Federation of Nigeria,AFN,1944,,,,,,,https://en.wikipedia.org/wiki/Athletics_Federation_of_Nigeria,
CK,COK,566,NI,Nigeria,Athletics Federation of Nigeria,AFN,1944,IAAF,CAA,,,http://athleticsnigeria.org/afn/,,https://en.wikipedia.org/wiki/Athletics_Federation_of_Nigeria,
NO,NOR,570,NE,Niue,Niue Athletics Association,NAA,,IAAF,OAA,2009,,http://www.foxsportspulse.com/assoc_page.cgi?c=2-1156-0-0-0,,https://en.wikipedia.org/wiki/Niue_Athletics_Association,
CV,CPV,574,NF,Norfolk Island,Athletics Norfolk Island,ANI,1993,IAAF,OAA,1995,,http://websites.sportstg.com/assoc_page.cgi?c=1-1157-0-0-0,,https://en.wikipedia.org/wiki/Athletics_Norfolk_Island,
BG,BGR,408,KN,North Korea,Amateur Athletic Association of DPR of Korea,,,,AAA,,,,,,
NR,NRU,580,CQ,Northern Mariana Islands,Northern Marianas Athletics,NMA,1980,IAAF,OAA,1989,"Susupe, Saipan",http://websites.sportstg.com/assoc_page.cgi?c=2-1158-0-0-0,,https://en.wikipedia.org/wiki/Northern_Marianas_Athletics,
NP,NPL,578,NO,Norway,Norges Friidrettsforbund,NFIF,05/01/1996,IAAF,EAA,,,http://www.friidrett.no/,,https://en.wikipedia.org/wiki/Norwegian_Athletics_Association,
NU,NIU,512,MU,Oman,Oman Athletic Association,OAA,,,AAA,,,https://www.facebook.com/pg/OmanAthletic/about,,,
CL,CHL,586,PK,Pakistan,Athletics Federation of Pakistan,AFP,1951,IAAF,AAA,1951,Islamabad,http://www.afp.com.pk/welcome.php,,https://en.wikipedia.org/wiki/Athletics_Federation_of_Pakistan,
OM,OMN,585,PS,Palau,Palau Track and Field Association,PTFA,1994,IAAF,OAA,1997,,http://www.foxsportspulse.com/assoc_page.cgi?c=0-1147-0-0-0,,https://en.wikipedia.org/wiki/Palau_Track_and_Field_Association,
VI,VIR,275,WE,Palestinian Territory,,,,,,,,,,,
IM,IMN,591,PM,Panama,Federación Panameña de Atletismo,FEPAT,1985,IAAF,CONSUDATLE,,,http://www.fepatpanama.com/,,https://en.wikipedia.org/wiki/Panamanian_Athletics_Federation,
CW,CUW,598,PP,Papua New Guinea,Athletics Papua New Guinea,,1961,IAAF,OAA,1962,"Kokpo, East New Britain",http://www.foxsportspulse.com/assoc_page.cgi?c=2-1148-0-0-0,,https://en.wikipedia.org/wiki/Athletics_Papua_New_Guinea,
IN,IND,600,PA,Paraguay,Federación Paraguaya de Atletismo,FPA,12/12/1947,IAAF,CONSUDATLE,,"Secretaria Nacional de Deportes, Asunción",http://www.fpa.org.py/,,https://en.wikipedia.org/wiki/Paraguayan_Athletics_Federation,
HM,HMD,604,PE,Peru,Federación Deportiva Peruana de Atletismo,FDPA,02/15/1927,IAAF,CONSUDATLE,1925,"San Luis, Lima",http://www.fedepeatle.org/,,https://en.wikipedia.org/wiki/Peruvian_Athletics_Sport_Federation,
PE,PER,608,RP,Philippines,Philippine Athletics Track and Field Association,PATAFA,1962,,AAA,,Phillipine,https://www.philathletics.org/,,https://en.wikipedia.org/wiki/Philippine_Athletics_Track_and_Field_Association,
VG,VGB,612,PC,Pitcairn,,,,,,,,,,,
PF,PYF,616,PL,Poland,Polski Związek Lekkiej Atletyki,PZLA,10/11/1919,IAAF,EA,1921,Warsaw,http://pzla.pl/,,https://en.wikipedia.org/wiki/Polish_Athletic_Association,
GP,GLP,620,PO,Portugal,Federação Portuguesa de Atletismo,FPAtletismo,11/05/1921,IAAF,EAA,,,http://fpatletismo.pt/,,https://en.wikipedia.org/wiki/Portuguese_Athletics_Federation,
HK,HKG,630,RQ,Puerto Rico,Federación de Atletismo de Puerto Rico,FAPUR,1947,IAAF,NACAC,1948,Bayamon,http://www.atletismofapur.com/,,https://en.wikipedia.org/wiki/Puerto_Rican_Athletics_Federation,
PG,PNG,634,QA,Qatar,Qatar Athletics Federation,QAF,,,AAA,,,http://www.qaf.qa/ar/,,,
KG,KGZ,178,CF,Republic of the Congo,Fédération Congolaise d'Athlétisme,FCA,,,CAA,,,,,,
VN,VNM,638,RE,Reunion,,,,,,,,,,,
JE,JEY,642,RO,Romania,Federația Română de Atletism,FRA,1912,IAAF,EAA,1923,,http://www.fra.ro/,,https://en.wikipedia.org/wiki/Romanian_Athletics_Federation,
SV,SLV,643,RS,Russia,Всероссийская федерация лёгкой атлетики,ВФЛА,,IAAF,EAA,,"Moscow, Russia",http://www.rusathletics.com/,,https://en.wikipedia.org/wiki/All-Russia_Athletic_Federation,
LA,LAO,646,RW,Rwanda,Fédération Rwandaise d'Athlétisme ,FRA,,,CAA,,,http://athleticsrwanda.com/,,,
TL,TLS,652,TB,Saint Barthelemy,,,,,,,,,,,
VU,VUT,654,SH,Saint Helena,,,,,,,,,,,
PW,PLW,659,SC,Saint Kitts and Nevis,St.Kitts & Nevis Amateur Athletic Association,SKAAA,,,,,,http://www.sknaaa.com/,,,
PT,PRT,662,ST,Saint Lucia,St. Lucia Athletics Association,SLAA,1977,IAAF,NACAC,1978,Castries,http://www.athleticsstlucia.org/,https://web.archive.org/web/20110904080543/http://saintluciatrackandfield.org/,https://en.wikipedia.org/wiki/Saint_Lucia_Athletics_Association,
VA,VAT,663,RN,Saint Martin,,,,,,,,,,,
VE,VEN,666,SB,Saint Pierre and Miquelon,,,,,,,,,,,
RW,RWA,670,VC,Saint Vincent and the Grenadines,Team Athletics Saint Vincent & The Grenadines,TASVG,1943,IAAF,NACAC,1974,Kingstown,http://www.svgnoc.org/,,https://en.wikipedia.org/wiki/Team_Athletics_Saint_Vincent_%26_The_Grenadines,
AE,ARE,882,WS,Samoa, Athletics Samoa,AS,,,OAA,,,http://websites.sportstg.com/assoc_page.cgi?client=1-1149-0-0-0,,,
LR,LBR,674,SM,San Marino,Federazione Sammarinese Atletica Leggera ,FSAL,,,EAA,,,http://www.fsal.sm/,,,
WS,WSM,678,TP,Sao Tome and Principe,,,,,,,,,,,
PL,POL,682,SA,Saudi Arabia,Saudi Arabian Athletics Federation,SAAF,,,AAA,,,http://www.saaaf.com/,,,
LB,LBN,686,SG,Senegal,Fédération Sénégalaise d'Athlétisme,FSA,,,CAA,,,,,,
SO,SOM,688,RI,Serbia,Атлетски савез Србије,ASS,2006,IAAF,EAA,2006,,http://www.ass.org.rs/,,https://en.wikipedia.org/wiki/Athletics_Federation_of_Serbia,
NE,NER,891,YI,Serbia and Montenegro,Montenegrin Atletski savez Crne Gore,ASCG,,IAAF,EAA,,Podgorica,http://www.ascg.co.me/,,https://en.wikipedia.org/wiki/Athletic_Federation_of_Montenegro,
BB,BRB,690,SE,Seychelles, Seychelles Athletics Federation,SAF,,,CAA,,,http://www.saf.sc/,,,
PM,SPM,694,SL,Sierra Leone,Sierra Leone Amateur Athletic Association,SLAAA,,,CAA,,,,,,
PN,PCN,702,SN,Singapore,Singapore Athletics,SA,,,AAA,,,http://www.singaporeathletics.org.sg/,,,
YE,YEM,534,NN,Sint Maarten,,,,,,,,,,,
DE,DEU,703,LO,Slovakia,Atletický Zväz,SAZ,,,EAA,,,https://www.atletika.sk/,,,
AF,AFG,705,SI,Slovenia, Atletska Zveza Slovenije,AZS,,,EAA,,,http://slovenska-atletika.si/,,,
BT,BTN,90,BP,Solomon Islands,Athletic Solomons,AS,1980,IAAF,OAA,1981,"Honiara, Guadalcanal",http://www.foxsportspulse.com/assoc_page.cgi?c=1-1150-0-0-0&sID=13879,,https://en.wikipedia.org/wiki/Athletic_Solomons,
PR,PRI,706,SO,Somalia,Somali Athletics Federation,SAF,,,CAA,,,,,,
CX,CXR,710,SF,South Africa,Athletics South Africa,ASA,1894,IAAF,CAA,1992,Johannesburg,http://www.athletics.org.za/,,https://en.wikipedia.org/wiki/Athletics_South_Africa,
UM,UMI,239,SX,South Georgia and the South Sandwich Islands,,,,,,,,,,,
ML,MLI,410,KS,South Korea,Korean Association of Athletics Federations,KAAF,,,AAA,,,,,,
PS,PSE,728,OD,South Sudan,South Sudan Athletics Federation,SSAF,,,CAA,,,,,,
PH,PHL,724,SP,Spain,Real Federación Española de Atletismo,RFEA,03/27/1920,IAAF,EAA,1918,,http://www.rfea.es/,,https://en.wikipedia.org/wiki/Royal_Spanish_Athletics_Federation,
BO,BOL,144,CE,Sri Lanka,Athletic Association of Sri Lanka,AASL,,,,,,,,,
BD,BGD,729,SU,Sudan, Sudan Athletic Association,SAA,,,CAA,,,,,,
QA,QAT,740,NS,Suriname,Surinaamse Atletiek Bond,SAB,12/30/1948,IAAF,CONSUDATLE,,,http://www.surinaamseatletiekbond.com/,https://archive.is/20130113095642/http://suriname-athletics.org/wp,https://en.wikipedia.org/wiki/Suriname_Athletics_Federation,
WF,WLF,744,SV,Svalbard and Jan Mayen,,,,,,,,,,,
RO,ROU,748,WZ,Swaziland,Swaziland Athletics Association,SAA,,,CAA,,,,,,
RE,REU,752,SW,Sweden,Svenska Friidrottsförbundet,SFIF,10/30/1995,IAAF,EAA,,Solna,http://www.friidrott.se/,,https://en.wikipedia.org/wiki/Swedish_Athletics_Association,
RS,SRB,756,SZ,Switzerland,Swiss Athletics Federation,FSA,1905,IAAF,EAA,,Ittigen,https://en.wikipedia.org/wiki/Swiss_Athletics_Federation,,http://www.swiss-athletics.ch/,
RU,RUS,760,SY,Syria,Syrian Arab Amateur Athletic Federation,SAAAF,,,AAA,,,,,,
FK,FLK,158,TW,Taiwan,Chinese Taipei Athletics Association,CTAA,,,AAA,,Taipei City,http://www.athletics.org.tw/,,https://en.wikipedia.org/wiki/Chinese_Taipei_Athletics_Association,
BR,BRA,762,TI,Tajikistan,Athletic Federation of the Republic of Tajikistan,AFT,,,AAA,,,,,,
CY,CYP,834,TZ,Tanzania,Athletics Tanzania,AT,,,CAA,,,https://athleticstanzania.or.tz/,,,
TD,TCD,764,TH,Thailand,สมาคมกรีฑาแห่งประเทศไทย,AAT,1948,IAAF,AAA,1948,"Khlong Luang, Pathum Thani",http://www.aat.or.th/,,https://en.wikipedia.org/wiki/Athletics_Association_of_Thailand,
LC,LCA,768,TO,Togo,Fédération Togolaise d'Athlétisme,FTA,,,CAA,,,,,,
ZA,ZAF,772,TL,Tokelau,,,,,,,,,,,
SA,SAU,776,TN,Tonga,Tonga Athletic Association,TAA,,,OAA,,,http://www.sportingpulse.com/assoc_page.cgi?assoc=1151&pID=2,,,
NI,NIC,780,TD,Trinidad and Tobago,National Association of Athletics Administrations of Trinidad & Tobago,NAAATT,1945,IAAF,NACAC,1962,Port-Of-Spain,http://www.ttnaaa.org/,,https://en.wikipedia.org/wiki/National_Association_of_Athletics_Administrations_of_Trinidad_%26_Tobago,
LI,LIE,788,TS,Tunisia,Fédération Tunisienne d'Athlétisme,FTA,1957,IAAF,CAA,,,http://fta.tn/,,https://fr.wikipedia.org/wiki/F%C3%A9d%C3%A9ration_tunisienne_d%27athl%C3%A9tisme,
SB,SLB,792,TU,Turkey,Türkiye Atletizm Federasyonu,TAF,1922,,EAA,,"Ulus, Ankara, Turkey",http://www.taf.org.tr/,,https://en.wikipedia.org/wiki/Turkish_Athletic_Federation,
BH,BHR,795,TX,Turkmenistan,Amateur Athletic Federation of Turkmenistan,AAFT,,,AAA,,,,,,
SC,SYC,796,TK,Turks and Caicos Islands,Turks & Caicos Islands Amateur Athletic Association,TCIAAA,1977,IAAF,NACAC,1978,Grand Turk,,,https://en.wikipedia.org/wiki/Turks_%26_Caicos_Islands_Amateur_Athletic_Association,
SD,SDN,798,TV,Tuvalu,Tuvalu Athletics Association,TAA,2004,IAAF,OAA,2008,"Vaiaku, Funafuti",http://www.foxsportspulse.com/assoc_page.cgi?c=1-1161-0-0-0,,https://en.wikipedia.org/wiki/Tuvalu_Athletics_Association,
SJ,SJM,850,VQ,U.S. Virgin Islands,Virgin Islands Track & Field Federation,VITFF,1963,IAAF,NACAC,1966,"Christiansted, St. Croix",http://www.virginislandstrackandfield.org/,,https://en.wikipedia.org/wiki/Virgin_Islands_Track_%26_Field_Federation,
SE,SWE,800,UG,Uganda,Uganda Athletic Federation,UAF,,,CAA,,,http://www.athleticsuganda.org/,,https://en.wikipedia.org/wiki/Uganda_Athletics_Federation,
SX,SXM,804,UP,Ukraine,Федерація легкої атлетики України,ФЛАУ,1991,IAAF,EA,1993,Kiev,http://uaf.org.ua/,,https://en.wikipedia.org/wiki/Ukrainian_Athletic_Federation,
SS,SSD,784,AE,United Arab Emirates,UAE Athletics Federation,UAEAF,,,AAA,,,http://www.uaeathletics.org/,,,
SG,SGP,826,UK,United Kingdom,UK Athletics,UKA,1999,IAAF,EAA,,Birmingham,https://www.britishathletics.org.uk/,,https://en.wikipedia.org/wiki/UK_Athletics,
SH,SHN,840,US,United States,USA Track & Field,USATF,1979,IAAF,NACAC,,"Indianapolis, Indiana",http://www.usatf.org/,,https://en.wikipedia.org/wiki/USA_Track_%26_Field,
ZM,ZMB,581,,United States Minor Outlying Islands,,,,,,,,,,,
,,,,United States Virgin Islands,Virgin Islands Track & Field Federation,VITFF,1963,IAAF,NACAC,1966,"Christiansted, St. Croix",http://virginislandspace.org/vitff.html,http://www.virginislandstrackandfield.org/,https://en.wikipedia.org/wiki/Virgin_Islands_Track_%26_Field_Federation,
FR,FRA,858,UY,Uruguay,Confederación Atlética del Uruguay,CAU,03/01/1918,IAAF,CONSUDATLE,05/24/1918,Montevideo,http://www.atlecau.org.uy/,,https://en.wikipedia.org/wiki/Uruguayan_Athletics_Confederation,
BS,BHS,860,UZ,Uzbekistan,Athletic Federation of Uzbekistan,AFU,,,AAA,,,,,,
CZ,CZE,548,NH,Vanuatu,Athletics Vanuatu,AV,1965,IAAF,OAA,1966,"Port Villa, Efate",http://www.foxsportspulse.com/assoc_page.cgi?assoc=1152,,https://en.wikipedia.org/wiki/Athletics_Vanuatu,
ZW,ZWE,336,VT,Vatican,,,,,,,,,,,
IQ,IRQ,862,VE,Venezuela,Federación Venezolana de Atletismo,FVA,,IAAF,CONSUDATLE,1948,Caracas,http://www.feveatletismo.com/PAGINA/inicio.php,https://web.archive.org/web/20080517165012/http://www.feveatletismo.org.ve/,https://en.wikipedia.org/wiki/Venezuelan_Athletics_Federation,
SI,SVN,704,VM,Vietnam,Vietnam Association of Athletics Federations,VAF,1962,,AAA,,Hanoi,http://www.dienkinh.vn/,,https://en.wikipedia.org/wiki/Vietnam_Athletics_Federation,
MU,MUS,876,WF,Wallis and Futuna,Ligue d'athlétisme de Wallis et Futuna,,,,,,,,,,
TV,TUV,732,WI,Western Sahara,,,,,,,,,,,
SK,SVK,887,YM,Yemen,Yemen Amateur Athletic Federation,YAAF,,,AAA,,,,,,
SL,SLE,894,ZA,Zambia,Zambian's Amateur Athletic Association,ZAAA,,,CAA,,,http://zaaa.org.zm/,,,
AZ,AZE,716,ZI,Zimbabwe, National Athletic Association of Zimbabwe,NAAZ,,,CAA,,,http://www.naaz.co.zw/,,,
