School,Nickname,City,State/Province,Conference,Division
Academy of Art University,Urban Knights,San Francisco,California,Pacific West Conference,2
Adams State University,Grizzlies,Alamosa,Colorado,Rocky Mountain Athletic Conference,2
Adelphi University,Panthers,Garden City,New York,Northeast-10 Conference,2
University of Alabama in Huntsville,Chargers,Huntsville,Alabama,Gulf South Conference,2
University of Alaska Fairbanks,Nanooks,Fairbanks,Alaska,Great Northwest Athletic Conference,2
University of Alaska Anchorage,Seawolves,Anchorage,Alaska,Great Northwest Athletic Conference,2
Albany State University,Golden Rams,Albany,Georgia,Southern Intercollegiate Athletic Conference,2
Alderson Broaddus University,Battlers,Philippi,West Virginia,Great Midwest Athletic Conference,2
American International College,Yellow Jackets,Springfield,Massachusetts,Northeast-10 Conference,2
Anderson University,Trojans,Anderson,South Carolina,South Atlantic Conference,2
Angelo State University,Rams & Rambelles,San Angelo,Texas,Lone Star Conference,2
Arkansas Tech University,Wonder Boys & Golden Suns,Russellville,Arkansas,Great American Conference,2
University of Arkansas – Fort Smith,Lions,Fort Smith,Arkansas,Heartland Conference[a],2
University of Arkansas at Monticello,Boll Weevils & Cotton Blossoms,Monticello,Arkansas,Great American Conference,2
Ashland University,Eagles,Ashland,Ohio,Great Lakes Intercollegiate Athletic Conference,2
Assumption College,Greyhounds,Worcester,Massachusetts,Northeast-10 Conference,2
Augusta University,Jaguars,Augusta,Georgia,Peach Belt Conference,2
Augustana University,Vikings,Sioux Falls,South Dakota,Northern Sun Intercollegiate Conference,2
Azusa Pacific University,Cougars,Azusa,California,Pacific West Conference,2
Barry University,Buccaneers,Miami Shores,Florida,Sunshine State Conference,2
Barton College,Bulldogs,Wilson,North Carolina,Conference Carolinas,2
Bellarmine University,Knights,Louisville,Kentucky,Great Lakes Valley Conference,2
Belmont Abbey College,Crusaders,Belmont,North Carolina,Conference Carolinas,2
Bemidji State University,Beavers,Bemidji,Minnesota,Northern Sun Intercollegiate Conference,2
Benedict College,Tigers,Columbia,South Carolina,Southern Intercollegiate Athletic Conference,2
Bentley University,Falcons,Waltham,Massachusetts,Northeast-10 Conference,2
Black Hills State University,Yellow Jackets,Spearfish,South Dakota,Rocky Mountain Athletic Conference,2
Bloomfield College,Bears,Bloomfield,New Jersey,Central Atlantic Collegiate Conference,2
Bloomsburg University of Pennsylvania,Huskies,Bloomsburg,Pennsylvania,Pennsylvania State Athletic Conference,2
Bluefield State College,Big Blues & Lady Blues,Bluefield,West Virginia,Independent,2
Bowie State University,Bulldogs,Bowie,Maryland,Central Intercollegiate Athletic Association,2
University of Bridgeport,Purple Knights,Bridgeport,Connecticut,East Coast Conference,2
Caldwell University,Cougars,Caldwell,New Jersey,Central Atlantic Collegiate Conference,2
California University of Pennsylvania,Vulcans,California,Pennsylvania,Pennsylvania State Athletic Conference,2
"California State Polytechnic University, Pomona",Broncos,Pomona,California,California Collegiate Athletic Association,2
"California State University, Chico",Wildcats,Chico,California,California Collegiate Athletic Association,2
"California State University, Dominguez Hills",Toros,Carson,California,California Collegiate Athletic Association,2
"California State University, East Bay",Pioneers,Hayward,California,California Collegiate Athletic Association,2
"California State University, Los Angeles",Golden Eagles,Los Angeles,California,California Collegiate Athletic Association,2
"California State University, Monterey Bay",Otters,Seaside,California,California Collegiate Athletic Association,2
"California State University, San Bernardino",Coyotes,San Bernardino,California,California Collegiate Athletic Association,2
California State University San Marcos,Cougars,San Marcos,California,California Collegiate Athletic Association,2
"California State University, Stanislaus",Warriors,Turlock,California,California Collegiate Athletic Association,2
"University of California,  San Diego ",Tritons,La Jolla,California,California Collegiate Athletic Association,2
Cameron University,Aggies,Lawton,Oklahoma,Lone Star Conference,2
Carson–Newman University,Eagles,Jefferson City,Tennessee,South Atlantic Conference,2
Catawba College,Indians,Salisbury,North Carolina,South Atlantic Conference,2
Cedarville University,Yellow Jackets,Cedarville,Ohio,Great Midwest Athletic Conference,2
University of Central Missouri,Mules & Jennies,Warrensburg,Missouri,Mid-America Intercollegiate Athletics Association,2
University of Central Oklahoma,Bronchos,Edmond,Oklahoma,Mid-America Intercollegiate Athletics Association,2
Central State University,Marauders & Lady Marauders,Wilberforce,Ohio,Southern Intercollegiate Athletic Conference,2
Central Washington University,Wildcats,Ellensburg,Washington,Great Northwest Athletic Conference,2
Chadron State College,Eagles,Chadron,Nebraska,Rocky Mountain Athletic Conference,2
Chaminade University of Honolulu,Silverswords,Honolulu,Hawai'i,Pacific West Conference,2
University of Charleston,Golden Eagles,Charleston,West Virginia,Mountain East Conference,2
Chestnut Hill College,Griffins,Philadelphia,Pennsylvania,Central Atlantic Collegiate Conference,2
Chowan University,Hawks,Murfreesboro,North Carolina,Central Intercollegiate Athletic Association[c],2
Christian Brothers University,Buccaneers,Memphis,Tennessee,Gulf South Conference,2
Claflin University,Panthers,Orangeburg,South Carolina,Central Intercollegiate Athletic Association,2
Clarion University of Pennsylvania,Golden Eagles,Clarion,Pennsylvania,Pennsylvania State Athletic Conference,2
Clark Atlanta University,Panthers,Atlanta,Georgia,Southern Intercollegiate Athletic Conference,2
Clayton State University,Lakers,Morrow,Georgia,Peach Belt Conference,2
Coker College,Cobras,Hartsville,South Carolina,South Atlantic Conference,2
Colorado Christian University,Cougars,Lakewood,Colorado,Rocky Mountain Athletic Conference,2
Colorado Mesa University,Mavericks,Grand Junction,Colorado,Rocky Mountain Athletic Conference,2
Colorado School of Mines,Orediggers,Golden,Colorado,Rocky Mountain Athletic Conference,2
Colorado State University–Pueblo,ThunderWolves,Pueblo,Colorado,Rocky Mountain Athletic Conference,2
University of Colorado Colorado Springs,Mountain Lions,Colorado Springs,Colorado,Rocky Mountain Athletic Conference,2
Columbus State University,Cougars,Columbus,Georgia,Peach Belt Conference,2
Concord University,Mountain Lions,Athens,West Virginia,Mountain East Conference,2
Concordia College,Clippers,Bronxville,New York,Central Atlantic Collegiate Conference,2
Concordia University–Irvine,Eagles,Irvine,California,Pacific West Conference,2
Concordia University–Portland,Cavaliers,Portland,Oregon,Great Northwest Athletic Conference,2
Concordia University–St. Paul,Golden Bears,St. Paul,Minnesota,Northern Sun Intercollegiate Conference,2
Converse College,Valkyries,Spartanburg,South Carolina,Conference Carolinas,2
Daemen College,Wildcats,Amherst,New York,East Coast Conference,2
Dallas Baptist University,Patriots,Dallas,Texas,Heartland Conference[a],2
Davis & Elkins College,Senators,Elkins,West Virginia,Great Midwest Athletic Conference[d],2
Delta State University,Statesmen & Lady Statesmen,Cleveland,Mississippi,Gulf South Conference,2
University of the District of Columbia,Firebirds,Washington,District of Columbia,East Coast Conference,2
Dixie State University,Trailblazers,St. George,Utah,Rocky Mountain Athletic Conference,2
Dominican University of California,Penguins,San Rafael,California,Pacific West Conference,2
Dominican College,Chargers,Orangeburg,New York,Central Atlantic Collegiate Conference,2
Drury University,Panthers,Springfield,Missouri,Great Lakes Valley Conference,2
East Central University,Tigers,Ada,Oklahoma,Great American Conference,2
East Stroudsburg University of Pennsylvania,Warriors,East Stroudsburg,Pennsylvania,Pennsylvania State Athletic Conference,2
Eastern New Mexico University,Greyhounds,Portales,New Mexico,Lone Star Conference,2
Eckerd College,Tritons,St. Petersburg,Florida,Sunshine State Conference,2
Edinboro University of Pennsylvania,Fighting Scots,Edinboro,Pennsylvania,Pennsylvania State Athletic Conference,2
Elizabeth City State University,Vikings,Elizabeth City,North Carolina,Central Intercollegiate Athletic Association,2
Embry–Riddle Aeronautical University,Eagles,Daytona Beach,Florida,Sunshine State Conference,2
Emporia State University,Hornets,Emporia,Kansas,Mid-America Intercollegiate Athletics Association,2
Erskine College,Flying Fleet,Due West,South Carolina,Conference Carolinas,2
Fairmont State University,Falcons,Fairmont,West Virginia,Mountain East Conference,2
Fayetteville State University,Broncos,Fayetteville,North Carolina,Central Intercollegiate Athletic Association,2
Felician University,Golden Falcons,Rutherford,New Jersey,Central Atlantic Collegiate Conference,2
Ferris State University,Bulldogs,Big Rapids,Michigan,Great Lakes Intercollegiate Athletic Conference,2
University of Findlay,Oilers,Findlay,Ohio,Great Midwest Athletic Conference,2
Flagler College,Saints,St. Augustine,Florida,Peach Belt Conference,2
Florida Southern College,Moccasins,Lakeland,Florida,Sunshine State Conference,2
Florida Institute of Technology,Panthers,Melbourne,Florida,Sunshine State Conference,2
Fort Hays State University,Tigers,Hays,Kansas,Mid-America Intercollegiate Athletics Association,2
Fort Lewis College,Skyhawks,Durango,Colorado,Rocky Mountain Athletic Conference,2
Fort Valley State University,Wildcats,Fort Valley,Georgia,Southern Intercollegiate Athletic Conference,2
Francis Marion University,Patriots,Florence,South Carolina,Peach Belt Conference,2
Franklin Pierce University,Ravens,Rindge,New Hampshire,Northeast-10 Conference,2
Fresno Pacific University,Sunbirds,Fresno,California,Pacific West Conference,2
Gannon University,Golden Knights,Erie,Pennsylvania,Pennsylvania State Athletic Conference,2
Georgia College & State University,Bobcats,Milledgeville,Georgia,Peach Belt Conference,2
Georgia Southwestern State University,Hurricanes,Americus,Georgia,Peach Belt Conference,2
Georgian Court University,Lions,Lakewood,New Jersey,Central Atlantic Collegiate Conference,2
Glenville State College,Pioneers,Glenville,West Virginia,Mountain East Conference,2
Goldey–Beacom College,Lightning,Pike Creek Valley,Delaware,Central Atlantic Collegiate Conference,2
Grand Valley State University,Lakers,Allendale,Michigan,Great Lakes Intercollegiate Athletic Conference,2
Harding University,Bisons & Lady Bisons,Searcy,Arkansas,Great American Conference,2
Hawai'i Pacific University,Sharks,Honolulu,Hawai'i,Pacific West Conference,2
University of Hawai'i at Hilo,Vulcans,Hilo,Hawai'i,Pacific West Conference,2
Henderson State University,Reddies,Arkadelphia,Arkansas,Great American Conference,2
Hillsdale College,Chargers,Hillsdale,Michigan,Great Midwest Athletic Conference,2
Holy Family University,Tigers,Philadelphia,Pennsylvania,Central Atlantic Collegiate Conference,2
Holy Names University,Hawks,Oakland,California,Pacific West Conference,2
Humboldt State University,Lumberjacks,Arcata,California,California Collegiate Athletic Association,2
University of Illinois at Springfield,Prairie Stars,Springfield,Illinois,Great Lakes Valley Conference,2
Indiana University of Pennsylvania,Crimson Hawks,Indiana,Pennsylvania,Pennsylvania State Athletic Conference,2
University of Indianapolis,Greyhounds,Indianapolis,Indiana,Great Lakes Valley Conference,2
Johnson C. Smith University,Golden Bulls,Charlotte,North Carolina,Central Intercollegiate Athletic Association,2
Kentucky State University,Thorobreds & Thorobrettes,Frankfort,Kentucky,Southern Intercollegiate Athletic Conference,2
Kentucky Wesleyan College,Panthers,Owensboro,Kentucky,Great Midwest Athletic Conference,2
King University,Tornados,Bristol,Tennessee,Conference Carolinas,2
Kutztown University of Pennsylvania,Golden Bears,Kutztown,Pennsylvania,Pennsylvania State Athletic Conference,2
Lake Erie College,Storm,Painesville,Ohio,Great Midwest Athletic Conference,2
Lake Superior State University,Lakers,Sault Ste. Marie,Michigan,Great Lakes Intercollegiate Athletic Conference,2
Lander University,Bearcats,Greenwood,South Carolina,Peach Belt Conference,2
Lane College,Dragons,Jackson,Tennessee,Southern Intercollegiate Athletic Conference,2
Le Moyne College,Dolphins,Syracuse,New York,Northeast-10 Conference,2
Lee University,Flames,Cleveland,Tennessee,Gulf South Conference,2
Lees–McRae College,Bobcats,Banner Elk,North Carolina,Conference Carolinas,2
LeMoyne–Owen College,Magicians,Memphis,Tennessee,Southern Intercollegiate Athletic Conference,2
Lenoir–Rhyne University,Bears,Hickory,North Carolina,South Atlantic Conference,2
Lewis University,Flyers,Romeoville,Illinois,Great Lakes Valley Conference,2
Limestone College,Saints,Gaffney,South Carolina,Conference Carolinas,2
Lincoln University (MO),Blue Tigers,Jefferson City,Missouri,Mid-America Intercollegiate Athletics Association,2
Lincoln University (PA),Lions,Chester County,Pennsylvania,Central Intercollegiate Athletic Association,2
Lincoln Memorial University,Railsplitters,Harrogate,Tennessee,South Atlantic Conference,2
Lindenwood University,Lions & Lady Lions,St. Charles,Missouri,Mid-America Intercollegiate Athletics Association,2
Livingstone College,Blue Bears,Salisbury,North Carolina,Central Intercollegiate Athletic Association,2
Lock Haven University of Pennsylvania,Bald Eagles,Lock Haven,Pennsylvania,Pennsylvania State Athletic Conference,2
Long Island University–Post,Pioneers,Brookville,New York,East Coast Conference,2
Lubbock Christian University,Chaparrals & Lady Chaps,Lubbock,Texas,Heartland Conference[a],2
Lynn University,Fighting Knights,Boca Raton,Florida,Sunshine State Conference,2
Malone University,Pioneers,Canton,Ohio,Great Midwest Athletic Conference,2
Mansfield University of Pennsylvania,Mountaineers,Mansfield,Pennsylvania,Pennsylvania State Athletic Conference,2
Mars Hill University,Lions,Mars Hill,North Carolina,South Atlantic Conference,2
University of Mary,Marauders,Bismarck,North Dakota,Northern Sun Intercollegiate Conference,2
Maryville University,Saints,St. Louis,Missouri,Great Lakes Valley Conference,2
McKendree University,Bearcats,Lebanon,Illinois,Great Lakes Valley Conference,2
Mercy College,Mavericks,Dobbs Ferry,New York,East Coast Conference,2
Mercyhurst University,Lakers,Erie,Pennsylvania,Pennsylvania State Athletic Conference,2
Merrimack College,Warriors,North Andover,Massachusetts,Northeast-10 Conference[e],2
Metropolitan State University of Denver,Roadrunners,Denver,Colorado,Rocky Mountain Athletic Conference,2
Michigan Technological University,Huskies,Houghton,Michigan,Great Lakes Intercollegiate Athletic Conference,2
Midwestern State University,Mustangs,Wichita Falls,Texas,Lone Star Conference,2
Miles College,Golden Bears,Fairfield,Alabama,Southern Intercollegiate Athletic Conference,2
Millersville University of Pennsylvania,Marauders,Millersville,Pennsylvania,Pennsylvania State Athletic Conference,2
"Minnesota State University, Mankato",Mavericks,Mankato,Minnesota,Northern Sun Intercollegiate Conference,2
Minnesota State University Moorhead,Dragons,Moorhead,Minnesota,Northern Sun Intercollegiate Conference,2
University of Minnesota Crookston,Golden Eagles,Crookston,Minnesota,Northern Sun Intercollegiate Conference,2
University of Minnesota Duluth,Bulldogs,Duluth,Minnesota,Northern Sun Intercollegiate Conference,2
Minot State University,Beavers,Minot,North Dakota,Northern Sun Intercollegiate Conference,2
Mississippi College,Choctaws,Clinton,Mississippi,Gulf South Conference,2
Missouri University of Science and Technology,Miners,Rolla,Missouri,Great Lakes Valley Conference,2
Missouri Southern State University,Lions,Joplin,Missouri,Mid-America Intercollegiate Athletics Association,2
Missouri Western State University,Griffons,St. Joseph,Missouri,Mid-America Intercollegiate Athletics Association,2
"University of Missouri, St. Louis",Tritons,St. Louis,Missouri,Great Lakes Valley Conference,
Molloy College,Lions,Rockville Centre,New York,East Coast Conference,2
Montana State University Billings,Yellowjackets,Billings,Montana,Great Northwest Athletic Conference,2
University of Montevallo,Falcons,Montevallo,Alabama,Gulf South Conference,2
Morehouse College,Maroon Tigers,Atlanta,Georgia,Southern Intercollegiate Athletic Conference,2
University of Mount Olive,Trojans,Mount Olive,North Carolina,Conference Carolinas,
University of Nebraska at Kearney,Lopers,Kearney,Nebraska,Mid-America Intercollegiate Athletics Association,2
University of New Haven,Chargers,West Haven,Connecticut,Northeast-10 Conference,2
New Mexico Highlands University,Cowboys & Cowgirls,Las Vegas,New Mexico,Rocky Mountain Athletic Conference,2
New York Institute of Technology,Bears,Old Westbury,New York,East Coast Conference,2
Newberry College,Wolves,Newberry,South Carolina,South Atlantic Conference,2
Newman University,Jets,Wichita,Kansas,Heartland Conference[f],2
University of North Carolina at Pembroke,Braves,Pembroke,North Carolina,Peach Belt Conference,2
University of North Georgia,Nighthawks,Dahlonega,Georgia,Peach Belt Conference,2
North Greenville University,Crusaders,Tigerville,South Carolina,Conference Carolinas,2
Northeastern State University,RiverHawks,Tahlequah,Oklahoma,Mid-America Intercollegiate Athletics Association,2
Northern Michigan University,Wildcats,Marquette,Michigan,Great Lakes Intercollegiate Athletic Conference,2
Northern State University,Wolves,Aberdeen,South Dakota,Northern Sun Intercollegiate Conference,2
Northwest Missouri State University,Bearcats,Maryville,Missouri,Mid-America Intercollegiate Athletics Association,2
Northwest Nazarene University,Crusaders,Nampa,Idaho,Great Northwest Athletic Conference,2
Northwestern Oklahoma State University,Rangers,Alva,Oklahoma,Great American Conference,2
Northwood University,Timberwolves,Midland,Michigan,Great Lakes Intercollegiate Athletic Conference,2
Notre Dame College,Falcons,South Euclid,Ohio,Mountain East Conference,2
Notre Dame de Namur University,Argonauts,Belmont,California,Pacific West Conference,2
Nova Southeastern University,Sharks,Davie,Florida,Sunshine State Conference,2
Nyack College,Warriors,Nyack,New York,Central Atlantic Collegiate Conference,2
Oakland City University,Mighty Oaks,Oakland City,Indiana,Independent,2
Ohio Dominican University,Panthers,Columbus,Ohio,Great Midwest Athletic Conference,2
Ohio Valley University,Fighting Scots,Vienna,West Virginia,Great Midwest Athletic Conference,2
Oklahoma Baptist University,Bison,Shawnee,Oklahoma,Great American Conference,2
Oklahoma Christian University,Eagles & Lady Eagles,Oklahoma City,Oklahoma,Heartland Conference[a],2
Ouachita Baptist University,Tigers,Arkadelphia,Arkansas,Great American Conference,2
Pace University,Setters,Pleasantville,New York,Northeast-10 Conference,2
Paine College,Lions,Augusta,Georgia,Southern Intercollegiate Athletic Conference,2
Palm Beach Atlantic University,Sailfish,West Palm Beach,Florida,Sunshine State Conference,2
Pittsburg State University,Gorillas,Pittsburg,Kansas,Mid-America Intercollegiate Athletics Association,2
University of Pittsburgh at Johnstown,Mountain Cats,Johnstown,Pennsylvania,Pennsylvania State Athletic Conference,2
Point Loma Nazarene University,Sea Lions,San Diego,California,Pacific West Conference,2
Post University,Eagles,Waterbury,Connecticut,Central Atlantic Collegiate Conference,2
Queens University of Charlotte,Royals,Charlotte,North Carolina,South Atlantic Conference,2
Queens College,Knights,Flushing,New York,East Coast Conference,2
Quincy University,Hawks,Quincy,Illinois,Great Lakes Valley Conference,2
Regis University,Rangers,Denver,Colorado,Rocky Mountain Athletic Conference,2
Roberts Wesleyan College,Redhawks,North Chili,New York,East Coast Conference,2
Rockhurst University,Hawks,Kansas City,Missouri,Great Lakes Valley Conference,2
Rogers State University,Hillcats,Claremore,Oklahoma,Heartland Conference[a],2
Rollins College,Tars,Winter Park,Florida,Sunshine State Conference,2
Saginaw Valley State University,Cardinals,University Center,Michigan,Great Lakes Intercollegiate Athletic Conference,2
Saint Anselm College,Hawks,Goffstown,New Hampshire,Northeast-10 Conference,2
Saint Augustine's University,Falcons,Raleigh,North Carolina,Central Intercollegiate Athletic Association,2
St. Cloud State University,Falcons,St. Cloud,Minnesota,Northern Sun Intercollegiate Conference,2
St. Edward's University,Hilltoppers,Austin,Texas,Heartland Conference[a],2
Saint Leo University,Lions,St. Leo,Florida,Sunshine State Conference,2
Saint Martin's University,Saints,Lacey,Washington,Great Northwest Athletic Conference,2
St. Mary's University,Rattlers,San Antonio,Texas,Heartland Conference[a],2
Saint Michael's College,Purple Knights,Colchester,Vermont,Northeast-10 Conference,2
College of Saint Rose,Golden Knights,Albany,New York,Northeast-10 Conference,2
St. Thomas Aquinas College,Spartans,Sparkill,New York,East Coast Conference,2
Salem University,Tigers,Salem,West Virginia,Independent,2
San Francisco State University,Gators,San Francisco,California,California Collegiate Athletic Association,2
University of the Sciences,Devils,Philadelphia,Pennsylvania,Central Atlantic Collegiate Conference,2
Seattle Pacific University,Falcons,Seattle,Washington,Great Northwest Athletic Conference,2
Seton Hill University,Griffins,Greensburg,Pennsylvania,Pennsylvania State Athletic Conference,2
Shaw University,Bears,Raleigh,North Carolina,Central Intercollegiate Athletic Association,2
Shepherd University,Rams,Shepherdstown,West Virginia,Mountain East Conference[g],2
Shippensburg University of Pennsylvania,Raiders,Shippensburg,Pennsylvania,Pennsylvania State Athletic Conference,2
Shorter University,Hawks,Rome,Georgia,Gulf South Conference,2
Simon Fraser University,Clan,Burnaby,British Columbia,Great Northwest Athletic Conference,2
University of Sioux Falls,Cougars,Sioux Falls,South Dakota,Northern Sun Intercollegiate Conference,2
Slippery Rock University of Pennsylvania,The Rock,Slippery Rock,Pennsylvania,Pennsylvania State Athletic Conference,2
Sonoma State University,Seawolves,Rohnert Park,California,California Collegiate Athletic Association,2
University of South Carolina Aiken,Pacers,Aiken,South Carolina,Peach Belt Conference,2
South Dakota School of Mines and Technology,Hardrockers,Rapid City,South Dakota,Rocky Mountain Athletic Conference,2
Southeastern Oklahoma State University,Savage Storm,Durant,Oklahoma,Great American Conference,2
Southern Arkansas University,Muleriders,Magnolia,Arkansas,Great American Conference,2
Southern Connecticut State University,Owls,New Haven,Connecticut,Northeast-10 Conference,2
University of Southern Indiana,Screaming Eagles,Evansville,Indiana,Great Lakes Valley Conference,2
Southern Nazarene University,Crimson Storm,Bethany,Oklahoma,Great American Conference,2
Southern New Hampshire University,Penmen,Manchester,New Hampshire,Northeast-10 Conference,2
Southern Wesleyan University,Warriors,Central,South Carolina,Conference Carolinas,2
Southwest Baptist University,Bearcats,Bolivar,Missouri,Mid-America Intercollegiate Athletics Association[h],2
Southwest Minnesota State University,Mustangs,Marshall,Minnesota,Northern Sun Intercollegiate Conference,2
Southwestern Oklahoma State University,Bulldogs,Weatherford,Oklahoma,Great American Conference,2
Stonehill College,Skyhawks,Easton,Massachusetts,Northeast-10 Conference,2
University of Tampa,Spartans,Tampa,Florida,Sunshine State Conference,2
Tarleton State University,Texans & TexAnns,Stephenville,Texas,Lone Star Conference,2
Texas A&M University–Commerce,Lions,Commerce,Texas,Lone Star Conference,2
Texas A&M University–Kingsville,Javelinas,Kingsville,Texas,Lone Star Conference,2
Texas A&M International University,Dustdevils,Laredo,Texas,Heartland Conference,2
Texas Woman's University,Pioneers,Denton,Texas,Lone Star Conference,2
University of Texas of the Permian Basin,Falcons,Odessa,Texas,Lone Star Conference,2
Thomas Jefferson University,Rams,Philadelphia,Pennsylvania,Central Atlantic Collegiate Conference,2
Tiffin University,Dragons,Tiffin,Ohio,Great Midwest Athletic Conference,2
Trevecca Nazarene University,Trojans,Nashville,Tennessee,Great Midwest Athletic Conference,2
Truman State University,Bulldogs,Kirksville,Missouri,Great Lakes Valley Conference,2
Tusculum College,Pioneers,Greeneville,Tennessee,South Atlantic Conference,2
Tuskegee University,Golden Tigers,Tuskegee,Alabama,Southern Intercollegiate Athletic Conference,2
Union University,Bulldogs,Jackson,Tennessee,Gulf South Conference,2
Upper Iowa University,Peacocks,Fayette,Iowa,Northern Sun Intercollegiate Conference,2
Urbana University,Blue Knights,Urbana,Ohio,Mountain East Conference,2
Ursuline College,Arrows,Pepper Pike,Ohio,Great Midwest Athletic Conference,2
Valdosta State University,Blazers,Valdosta,Georgia,Gulf South Conference,2
Virginia State University,Trojans,Ettrick,Virginia,Central Intercollegiate Athletic Association,2
Virginia Union University,Panthers,Richmond,Virginia,Central Intercollegiate Athletic Association,2
University of Virginia's College at Wise,Highland Cavaliers,Wise,Virginia,Mountain East Conference[i],2
Walsh University,Cavaliers,North Canton,Ohio,Great Midwest Athletic Conference,2
Washburn University,Ichabods,Topeka,Kansas,Mid-America Intercollegiate Athletics Association,2
Wayne State University,Warriors,Detroit,Michigan,Great Lakes Intercollegiate Athletic Conference,2
Wayne State College,Wildcats,Wayne,Nebraska,Northern Sun Intercollegiate Conference,2
University of West Alabama,Tigers,Livingston,Alabama,Gulf South Conference,2
West Chester University,Golden Rams,West Chester,Pennsylvania,Pennsylvania State Athletic Conference,2
University of West Florida,Argonauts,Pensacola,Florida,Gulf South Conference,2
University of West Georgia,Wolves,Carrollton,Georgia,Gulf South Conference,2
West Liberty University,Hilltoppers,West Liberty,West Virginia,Mountain East Conference,2
West Texas A&M University,Buffaloes,Canyon,Texas,Lone Star Conference,2
West Virginia State University,Yellow Jackets,Institute,West Virginia,Mountain East Conference,2
West Virginia Wesleyan College,Bobcats,Buckhannon,West Virginia,Mountain East Conference,2
Western New Mexico University,Mustangs,Silver City,New Mexico,Lone Star Conference,2
Western Oregon University,Wolves,Monmouth,Oregon,Great Northwest Athletic Conference,2
Western State Colorado University,Mountaineers,Gunnison,Colorado,Rocky Mountain Athletic Conference,2
Western Washington University,Vikings,Bellingham,Washington,Great Northwest Athletic Conference,2
Wheeling Jesuit University,Cardinals,Wheeling,West Virginia,Mountain East Conference,2
William Jewell College,Cardinals,Liberty,Missouri,Great Lakes Valley Conference,2
Wilmington University,Wildcats,New Castle,Delaware,Central Atlantic Collegiate Conference,2
Wingate University,Bulldogs,Wingate,North Carolina,South Atlantic Conference,2
Winona State University,Warriors,Winona,Minnesota,Northern Sun Intercollegiate Conference,2
Winston–Salem State University,Rams,Winston–Salem,North Carolina,Central Intercollegiate Athletic Association,2
University of Wisconsin–Parkside,Rangers,Kenosha,Wisconsin,Great Lakes Intercollegiate Athletic Conference,2
Young Harris College,Mountain Lions,Young Harris,Georgia,Peach Belt Conference,2
Adrian College,Bulldogs,Adrian,Michigan,Michigan Intercollegiate Athletic Association,3
Agnes Scott College,Scotties,Decatur,Georgia,USA South Athletic Conference,3
Albertus Magnus College,Falcons,New Haven,Connecticut,Great Northeast Athletic Conference,3
Albion College,Britons,Albion,Michigan,Michigan Intercollegiate Athletic Association,3
Albright College,Lions,Reading,Pennsylvania,MAC Commonwealth Conference,3
Alfred University,Saxons,Alfred,New York,Empire 8,3
Alfred State College,Pioneers,Alfred,New York,"American Collegiate Athletic Association
(Allegheny Mountain Collegiate Conference in 2019)",3
Allegheny College,Gators,Meadville,Pennsylvania,North Coast Athletic Conference,3
Alma College,Scots,Alma,Michigan,Michigan Intercollegiate Athletic Association,3
Alvernia University,Crusaders,Reading,Pennsylvania,MAC Commonwealth Conference,3
Alverno College,Inferno,Milwaukee,Wisconsin,Northern Athletics Collegiate Conference,3
Amherst College,Mammoths,Amherst,Massachusetts,New England Small College Athletic Conference,3
Anderson University,Ravens and Lady Ravens,Anderson,Indiana,Heartland Collegiate Athletic Conference,3
Anna Maria College,AMCATS,Paxton,Massachusetts,Great Northeast Athletic Conference,3
Arcadia University,Knights,Glenside,Pennsylvania,MAC Commonwealth Conference,3
Augsburg University,Auggies,Minneapolis,Minnesota,Minnesota Intercollegiate Athletic Conference,3
Augustana College,Vikings,Rock Island,Illinois,College Conference of Illinois and Wisconsin,3
Aurora University,Spartans,Aurora,Illinois,Northern Athletics Collegiate Conference,3
Austin College,Kangaroos,Sherman,Texas,Southern Collegiate Athletic Conference,3
Averett University,Cougars,Danville,Virginia,USA South Athletic Conference,3
Babson College,Beavers,Wellesley,Massachusetts,New England Women's and Men's Athletic Conference,3
Baldwin Wallace University,Yellow Jackets,Berea,Ohio,Ohio Athletic Conference,3
Bard College,Raptors,Annandale-on-Hudson,New York,Liberty League,3
Baruch College,Bearcats,New York,New York,City University of New York Athletic Conference,3
Bates College,Bobcats,Lewiston,Maine,New England Small College Athletic Conference,3
Bay Path University,Wildcats,Longmeadow,Massachusetts,New England Collegiate Conference,3
Becker College,Hawks,Worcester/Leicester,Massachusetts,New England Collegiate Conference,3
Belhaven University,Blazers,Jackson,Mississippi,American Southwest Conference,3
Beloit College,Buccaneers,Beloit,Wisconsin,Midwest Conference,3
Benedictine University,Eagles,Lisle,Illinois,Northern Athletics Collegiate Conference,3
Berea College,Mountaineers,Berea,Kentucky,USA South Athletic Conference,3
Berry College,Vikings,Mount Berry,Georgia,Southern Athletic Association,3
Bethany College,Bison,Bethany,West Virginia,Presidents' Athletic Conference,3
Bethany Lutheran College,Vikings,Mankato,Minnesota,Upper Midwest Athletic Conference,3
Bethel University,Royals,Arden Hills,Minnesota,Minnesota Intercollegiate Athletic Conference,3
Birmingham–Southern College,Panthers,Birmingham,Alabama,Southern Athletic Association,3
Blackburn College,Beavers,Carlinville,Illinois,St. Louis Intercollegiate Athletic Conference,3
Bluffton University,Beavers,Bluffton,Ohio,Heartland Collegiate Athletic Conference,3
Bowdoin College,Polar Bears,Brunswick,Maine,New England Small College Athletic Conference,3
Brandeis University,Judges,Waltham,Massachusetts,University Athletic Association,3
Brevard CollegeA 2,Tornados,Brevard,North Carolina,USA South Athletic Conference,3
Bridgewater College,Eagles,Bridgewater,Virginia,Old Dominion Athletic Conference,3
Bridgewater State University,Bears,Bridgewater,Massachusetts,Massachusetts State Collegiate Athletic Conference,3
Brooklyn College,Bulldogs,Brooklyn,New York,City University of New York Athletic Conference,3
Bryn Athyn College,Lions,Bryn Athyn,Pennsylvania,Colonial States Athletic Conference,3
Bryn Mawr College,Owls,Bryn Mawr,Pennsylvania,Centennial Conference,3
Buena Vista University,Beavers,Storm Lake,Iowa,Iowa Intercollegiate Athletic Conference,3
Buffalo State College,Bengals,Buffalo,New York,State University of New York Athletic Conference,3
Cabrini University,Cavaliers,Radnor,Pennsylvania,Atlantic East Conference,3
Cairn University,Highlanders,Langhorne,Pennsylvania,Colonial States Athletic Conference,3
California Institute of Technology,Beavers,Pasadena,California,Southern California Intercollegiate Athletic Conference,3
California Lutheran University,Kingsmen,Thousand Oaks,California,Southern California Intercollegiate Athletic Conference,3
"University of California, Santa Cruz ",Banana Slugs,Santa Cruz,California,Independent,3
Calvin College,Knights,Grand Rapids,Michigan,Michigan Intercollegiate Athletic Association,3
Capital University,Crusaders,Columbus,Ohio,Ohio Athletic Conference,3
Carleton College,Knights,Northfield,Minnesota,Minnesota Intercollegiate Athletic Conference,3
Carnegie Mellon University,Tartans,Pittsburgh,Pennsylvania,University Athletic Association,3
Carroll University,Pioneers,Waukesha,Wisconsin,College Conference of Illinois and Wisconsin,3
Carthage College,Red Men/Lady Reds,Kenosha,Wisconsin,College Conference of Illinois and Wisconsin,3
Case Western Reserve University,Spartans,Cleveland,Ohio,University Athletic Association,3
Castleton University,Spartans,Castleton,Vermont,Little East Conference,3
Catholic University of America,Cardinals,Washington,District of Columbia,Landmark Conference,3
Cazenovia College,Wildcats,Cazenovia,New York,North Eastern Athletic Conference,3
Cedar Crest College,Falcons,Allentown,Pennsylvania,Colonial States Athletic Conference,3
Centenary College of Louisiana,Gents and Ladies,Shreveport,Louisiana,Southern Collegiate Athletic Conference,3
Centenary College of New Jersey,Cyclones,Hackettstown,New Jersey,Colonial States Athletic Conference,3
Central College,Dutch,Pella,Iowa,Iowa Intercollegiate Athletic Conference,3
Centre College,Colonels,Danville,Kentucky,Southern Athletic Association,3
Chapman University,Panthers,Orange,California,Southern California Intercollegiate Athletic Conference,3
Chatham University,Cougars,Pittsburgh,Pennsylvania,Presidents' Athletic Conference,3
University of Chicago,Maroons,Chicago,Illinois,University Athletic Association,3
Christopher Newport University,Captains,Newport News,Virginia,Capital Athletic Conference,3
City College of New York (CCNY),Beavers,New York,New York,City University of New York Athletic Conference,3
Claremont–Mudd–Scripps,Stags and Athenas,Claremont,California,Southern California Intercollegiate Athletic Conference,3
Clark University,Cougars,Worcester,Massachusetts,New England Women's and Men's Athletic Conference,3
Clarks Summit University,Defenders,Clarks Summit,Pennsylvania,Colonial States Athletic Conference,3
Clarkson University,Golden Knights,Potsdam,New York,Liberty League,3
Coe College,Kohawks,Cedar Rapids,Iowa,Iowa Intercollegiate Athletic Conference,3
Colby College,White Mules,Waterville,Maine,New England Small College Athletic Conference,3
Colby–Sawyer College,Chargers,New London,New Hampshire,Great Northeast Athletic Conference,3
Colorado College,Tigers,Colorado Springs,Colorado,Southern Collegiate Athletic Conference,3
Concordia College,Cobbers,Moorhead,Minnesota,Minnesota Intercollegiate Athletic Conference,3
Concordia University Chicago,Cougars,River Forest,Illinois,Northern Athletics Collegiate Conference,3
Concordia University Texas,Tornados,Austin,Texas,American Southwest Conference,3
Concordia University Wisconsin,Falcons,Mequon,Wisconsin,Northern Athletics Collegiate Conference,3
Connecticut College,Camels,New London,Connecticut,New England Small College Athletic Conference,3
Cornell College,Rams,Mount Vernon,Iowa,Midwest Conference,3
Covenant College,Scots,Lookout Mountain,Georgia,USA South Athletic Conference,3
Crown College,Storm,St. Bonifacius,Minnesota,Upper Midwest Athletic Conference,3
Curry College,Colonels,Milton,Massachusetts,Commonwealth Coast Conference,3
University of Dallas,Crusaders,Irving,Texas,Southern Collegiate Athletic Conference,3
Dean College,Bulldogs,Franklin,Massachusetts,New England Collegiate Conference,3
Defiance College,Yellow Jackets and Lady Jackets,Defiance,Ohio,Heartland Collegiate Athletic Conference,3
Delaware Valley University,Aggies,Doylestown,Pennsylvania,MAC Freedom Conference,3
Denison University,Big Red,Granville,Ohio,North Coast Athletic Conference,3
DePauw University,Tigers,Greencastle,Indiana,North Coast Athletic Conference,3
DeSales University,Bulldogs,Center Valley,Pennsylvania,MAC Freedom Conference,3
Dickinson College,Red Devils,Carlisle,Pennsylvania,Centennial Conference,3
Dominican University,Stars,River Forest,Illinois,Northern Athletics Collegiate Conference,3
Drew University,Rangers,Madison,New Jersey,Landmark Conference,3
University of Dubuque,Spartans,Dubuque,Iowa,Iowa Intercollegiate Athletic Conference,3
D'Youville College,Spartans,Buffalo,New York,Allegheny Mountain Collegiate Conference,3
Earlham College,Quakers,Richmond,Indiana,Heartland Collegiate Athletic Conference,3
East Texas Baptist University,Tigers,Marshall,Texas,American Southwest Conference,3
Eastern Connecticut State University,Warriors,Willimantic,Connecticut,Little East Conference,3
Eastern Mennonite University,Royals,Harrisonburg,Virginia,Old Dominion Athletic Conference,3
Eastern Nazarene College,Lions,Quincy,Massachusetts,New England Collegiate Conference,3
Eastern University,Eagles,St. Davids,Pennsylvania,MAC Freedom Conference,3
Edgewood College,Eagles,Madison,Wisconsin,Northern Athletics Collegiate Conference,3
Elizabethtown College,Blue Jays,Elizabethtown,Pennsylvania,Landmark Conference,3
Elmhurst College,Bluejays,Elmhurst,Illinois,College Conference of Illinois and Wisconsin,3
Elmira College,Soaring Eagles,Elmira,New York,Empire 8,3
Elms College,Blazers,Chicopee,Massachusetts,New England Collegiate Conference,3
Emerson College,Lions,Boston,Massachusetts,New England Women's and Men's Athletic Conference,3
Emmanuel College,Saints,Boston,Massachusetts,Great Northeast Athletic Conference,3
Emory University,Eagles,Atlanta,Georgia,University Athletic Association,3
Emory and Henry College,Wasps,Emory,Virginia,Old Dominion Athletic Conference,3
Endicott College,Gulls,Beverly,Massachusetts,Commonwealth Coast Conference,3
Eureka College,Red Devils,Eureka,Illinois,St. Louis Intercollegiate Athletic Conference,3
"Fairleigh Dickinson University, Florham",Devils,Madison/Florham Park,New Jersey,MAC Freedom Conference,3
Farmingdale State College,Rams,Farmingdale,New York,Skyline Conference,3
Ferrum College,Panthers,Ferrum,Virginia,Old Dominion Athletic Conference,3
Finlandia University,Lions,Hancock,Michigan,American Collegiate Athletic Association,3
Fitchburg State University,Falcons,Fitchburg,Massachusetts,Massachusetts State Collegiate Athletic Conference,3
Fontbonne University,Griffins,St. Louis,Missouri,St. Louis Intercollegiate Athletic Conference,3
Framingham State University,Rams,Framingham,Massachusetts,Massachusetts State Collegiate Athletic Conference,3
Franciscan University of Steubenville,Barons,Steubenville,Ohio,Allegheny Mountain Collegiate Conference,3
Franklin & Marshall College,Diplomats,Lancaster,Pennsylvania,Centennial Conference,3
Franklin College,Grizzlies,Franklin,Indiana,Heartland Collegiate Athletic Conference,3
Frostburg State University,Bobcats,Frostburg,Maryland,Capital Athletic Conference,3
Gallaudet University,Bison,Washington,District of Columbia,North Eastern Athletic Conference,3
Geneva College,Golden Tornadoes,Beaver Falls,Pennsylvania,Presidents' Athletic Conference,3
George Fox University,Bruins,Newberg,Oregon,Northwest Conference,3
Gettysburg College,Bullets,Gettysburg,Pennsylvania,Centennial Conference,3
Gordon College,Fighting Scots,Wenham,Massachusetts,Commonwealth Coast Conference,3
Goucher College,Gophers,Towson,Maryland,Landmark Conference,3
Greensboro College,Pride,Greensboro,North Carolina,USA South Athletic Conference,3
Greenville University,Panthers,Greenville,Illinois,St. Louis Intercollegiate Athletic Conference,3
Grinnell College,Pioneers,Grinnell,Iowa,Midwest Conference,3
Grove City College,Wolverines,Grove City,Pennsylvania,Presidents' Athletic Conference,3
Guilford College,Quakers,Greensboro,North Carolina,Old Dominion Athletic Conference,3
Gustavus Adolphus College,Gusties,St. Peter,Minnesota,Minnesota Intercollegiate Athletic Conference,3
Gwynedd Mercy University,Griffins,Lower Gwynedd Township,Pennsylvania,Atlantic East Conference,3
Hamilton College,Continentals,Clinton,New York,New England Small College Athletic Conference,3
Hamline University,Pipers,St. Paul,Minnesota,Minnesota Intercollegiate Athletic Conference,3
Hampden–Sydney College,Tigers,Hampden Sydney,Virginia,Old Dominion Athletic Conference,3
Hanover College,Panthers,Hanover,Indiana,Heartland Collegiate Athletic Conference,3
Hardin–Simmons University,Cowboys and Cowgirls,Abilene,Texas,American Southwest Conference,3
Hartwick College,Hawks,Oneonta,New York,Empire 8,3
Haverford College,Fords,Haverford,Pennsylvania,Centennial Conference,3
Heidelberg University,Student Princes,Tiffin,Ohio,Ohio Athletic Conference,3
Hendrix College,Warriors,Conway,Arkansas,Southern Athletic Association,3
Hilbert College,Hawks,Hamburg,New York,Allegheny Mountain Collegiate Conference,3
Hiram College,Terriers,Hiram,Ohio,North Coast Athletic Conference,3
Hobart College,Statesmen,Geneva,New York,Liberty League,3
Hollins University,None,Roanoke,Virginia,Old Dominion Athletic Conference,3
Hood College,Blazers,Frederick,Maryland,MAC Commonwealth Conference,3
Hope College,Flying Dutchmen,Holland,Michigan,Michigan Intercollegiate Athletic Association,3
Houghton College,Highlanders,Houghton,New York,Empire 8,3
Howard Payne University,Yellow Jackets,Brownwood,Texas,American Southwest Conference,3
Hunter College,Hawks,New York,New York,City University of New York Athletic Conference,3
Huntingdon College,Hawks,Montgomery,Alabama,USA South Athletic Conference,3
Husson University,Eagles,Bangor,Maine,North Atlantic Conference,3
Illinois College,Blueboys and Lady Blues,Jacksonville,Illinois,Midwest Conference,3
Illinois Institute of Technology,Scarlet Hawks,Chicago,Illinois,Northern Athletics Collegiate Conference,3
Illinois Wesleyan University,Titans,Bloomington,Illinois,College Conference of Illinois and Wisconsin,3
Immaculata University,Mighty Macs,Immaculata,Pennsylvania,Atlantic East Conference,3
Iowa Wesleyan University,Tigers,Mt. Pleasant,Iowa,St. Louis Intercollegiate Athletic Conference,3
Ithaca College,Bombers,Ithaca,New York,Liberty League,3
John Carroll University,Blue Streaks,University Heights,Ohio,Ohio Athletic Conference,3
John Jay College of Criminal Justice,Bloodhounds,New York,New York,City University of New York Athletic Conference,3
Johns Hopkins University,Blue Jays,Baltimore,Maryland,Centennial Conference,3
Johnson & Wales University,Wildcats,Providence,Rhode Island,Great Northeast Athletic Conference,3
Johnson & Wales University–Denver,Wildcats,Denver,Colorado,Southern Collegiate Athletic Conference,3
Juniata College,Eagles,Huntingdon,Pennsylvania,Landmark Conference,3
Kalamazoo College,Hornets,Kalamazoo,Michigan,Michigan Intercollegiate Athletic Association,3
Kean University,Cougars,Union Township,New Jersey,New Jersey Athletic Conference,3
Keene State College,Owls,Keene,New Hampshire,Little East Conference,3
Kenyon College,Lords and Ladies,Gambier,Ohio,North Coast Athletic Conference,3
Keuka College,Wolves,Keuka Park,New York,North Eastern Athletic Conference,3
Keystone College,Giants,La Plume Township,Pennsylvania,Colonial States Athletic Conference,3
King's College,Monarchs,Wilkes-Barre,Pennsylvania,MAC Freedom Conference,3
Knox College,Prairie Fire,Galesburg,Illinois,Midwest Conference,3
La Roche College,Redhawks,Pittsburgh,Pennsylvania,Allegheny Mountain Collegiate Conference,3
University of La Verne,Leopards,La Verne,California,Southern California Intercollegiate Athletic Conference,3
LaGrange College,Panthers,LaGrange,Georgia,USA South Athletic Conference,3
Lake Forest College,Foresters,Lake Forest,Illinois,Midwest Conference,3
Lakeland College,Muskies,Sheboygan,Wisconsin,Northern Athletics Collegiate Conference,3
Lancaster Bible College,Chargers,Lancaster,Pennsylvania,North Eastern Athletic Conference,3
Lasell College,Lasers,Newton,Massachusetts,Great Northeast Athletic Conference,3
Lawrence University,Vikings,Appleton,Wisconsin,Midwest Conference,3
Lebanon Valley College,Flying Dutchmen,Annville,Pennsylvania,MAC Commonwealth Conference,3
Lehman College,Lightning,The Bronx,New York,City University of New York Athletic Conference,3
Lesley University,Lynx,Boston,Massachusetts,New England Collegiate Conference,3
LeTourneau University,Yellow Jackets,Longview,Texas,American Southwest Conference,3
Lewis & Clark College,Pioneers,Portland,Oregon,Northwest Conference,3
Linfield College,Wildcats,McMinnville,Oregon,Northwest Conference,3
Loras College,Duhawks,Dubuque,Iowa,Iowa Intercollegiate Athletic Conference,3
Louisiana College,Wildcats,Pineville,Louisiana,American Southwest Conference,3
Luther College,Norse,Decorah,Iowa,Iowa Intercollegiate Athletic Conference,3
Lycoming College,Warriors,Williamsport,Pennsylvania,MAC Commonwealth Conference,3
Lynchburg College,Hornets,Lynchburg,Virginia,Old Dominion Athletic Conference,3
Macalester College,Scots,St. Paul,Minnesota,Minnesota Intercollegiate Athletic Conference,3
MacMurray College,Highlanders,Jacksonville,Illinois,St. Louis Intercollegiate Athletic Conference,3
University of Maine at Farmington,Beavers,Farmington,Maine,North Atlantic Conference,3
Maine Maritime Academy,Mariners,Castine,Maine,North Atlantic Conference,3
University of Maine at Presque Isle,Owls,Presque Isle,Maine,American Collegiate Athletic Association,3
Manchester University,Spartans,North Manchester,Indiana,Heartland Collegiate Athletic Conference,3
Manhattanville College,Valiants,Purchase,New York,"MAC Freedom Conference
(Skyline Conference in 2019)",3
Maranatha Baptist University,Sabercats,Watertown,Wisconsin,Independent,3
Marian University,Sabres,Fond du Lac,Wisconsin,Northern Athletics Collegiate Conference,3
Marietta College,Pioneers,Marietta,Ohio,Ohio Athletic Conference,3
Martin Luther College,Knights,New Ulm,Minnesota,Upper Midwest Athletic Conference,3
Mary Baldwin University,Fighting Squirrels,Staunton,Virginia,USA South Athletic Conference,3
University of Mary Hardin–Baylor,Crusaders,Belton,Texas,American Southwest Conference,3
University of Mary Washington,Eagles,Fredericksburg,Virginia,Capital Athletic Conference,3
Marymount University,Saints,Arlington,Virginia,Atlantic East Conference,3
Maryville College,Scots,Maryville,Tennessee,USA South Athletic Conference,3
Marywood University,Pacers,Scranton,Pennsylvania,Atlantic East Conference,3
University of Massachusetts Boston,Beacons,Boston,Massachusetts,Little East Conference,3
Massachusetts College of Liberal Arts,Trailblazers,North Adams,Massachusetts,Massachusetts State Collegiate Athletic Conference,3
University of Massachusetts Dartmouth,Corsairs,Dartmouth,Massachusetts,Little East Conference,3
Massachusetts Institute of Technology,Engineers,Cambridge,Massachusetts,New England Women's and Men's Athletic Conference,3
Massachusetts Maritime Academy,Buccaneers,Buzzards Bay,Massachusetts,Massachusetts State Collegiate Athletic Conference,3
McDaniel College,Green Terror,Westminster,Maryland,Centennial Conference,3
McMurry University,War Hawks,Abilene,Texas,American Southwest Conference,3
Medaille College,Mavericks,Buffalo,New York,Allegheny Mountain Collegiate Conference,3
Medgar Evers College,Cougars,Brooklyn,New York,City University of New York Athletic Conference,3
Meredith College,Angels,Raleigh,North Carolina,USA South Athletic Conference,3
Messiah College,Falcons,Grantham,Pennsylvania,MAC Commonwealth Conference,3
Methodist University,Monarchs,Fayetteville,North Carolina,USA South Athletic Conference,3
Middlebury College,Panthers,Middlebury,Vermont,New England Small College Athletic Conference,3
Millikin University,Big Blue,Decatur,Illinois,College Conference of Illinois and Wisconsin,3
Mills College,Cyclones,Oakland,California,American Collegiate Athletic Association,3
Millsaps College,Majors and Lady Majors,Jackson,Mississippi,Southern Athletic Association,3
Milwaukee School of Engineering,Raiders,Milwaukee,Wisconsin,Northern Athletics Collegiate Conference,3
University of Minnesota Morris,Cougars,Morris,Minnesota,Upper Midwest Athletic Conference,3
Misericordia University,Cougars,Dallas,Pennsylvania,MAC Freedom Conference,3
Mitchell College,Mariners,New London,Connecticut,New England Collegiate Conference,3
Monmouth College,Scots,Monmouth,Illinois,Midwest Conference,3
Montclair State University,Red Hawks,Montclair,New Jersey,New Jersey Athletic Conference,3
Moravian College,Greyhounds,Bethlehem,Pennsylvania,Landmark Conference,3
Morrisville State College,Mustangs,Morrisville,New York,North Eastern Athletic Conference,3
Mount Aloysius College,Mounties,Cresson,Pennsylvania,Allegheny Mountain Collegiate Conference,3
Mount Holyoke College,Lyons,South Hadley,Massachusetts,New England Women's and Men's Athletic Conference,3
Mount Mary University,Blue Angels,Milwaukee,Wisconsin,Independent,3
Mount St. Joseph University,Lions,Cincinnati,Ohio,Heartland Collegiate Athletic Conference,3
Mount Saint Mary College,Knights,Newburgh,New York,Skyline Conference,3
College of Mount Saint Vincent,Dolphins,The Bronx,New York,Skyline Conference,3
University of Mount Union,Purple Raiders,Alliance,Ohio,Ohio Athletic Conference,3
Muhlenberg College,Mules,Allentown,Pennsylvania,Centennial Conference,3
Muskingum University,Fighting Muskies,New Concord,Ohio,Ohio Athletic Conference,3
Nazareth College,Golden Flyers,Pittsford,New York,Empire 8,3
Nebraska Wesleyan University,Prairie Wolves,Lincoln,Nebraska,Iowa Intercollegiate Athletic Conference,3
Neumann University,Knights,Aston,Pennsylvania,Atlantic East Conference,3
New England College,Pilgrims,Henniker,New Hampshire,New England Collegiate Conference,3
University of New England,Nor'easters,Biddeford,Maine,Commonwealth Coast Conference,3
The College of New Jersey,Lions,Ewing,New Jersey,New Jersey Athletic Conference,3
New Jersey City University,Gothic Knights,Jersey City,New Jersey,New Jersey Athletic Conference,3
College of New Rochelle,Blue Angels,New Rochelle,New York,Independent,3
State University of New York at Brockport,Golden Eagles,Brockport,New York,State University of New York Athletic Conference,3
State University of New York at Canton,Kangaroos,Canton,New York,American Collegiate Athletic Association,3
State University of New York at Cobleskill,Fighting Tigers,Cobleskill,New York,North Eastern Athletic Conference,3
State University of New York at Cortland,Red Dragons,Cortland,New York,State University of New York Athletic Conference,3
State University of New York at Delhi,Broncos,Delhi,New York,American Collegiate Athletic Association,3
State University of New York at Fredonia,Blue Devils,Fredonia,New York,State University of New York Athletic Conference,3
State University of New York at Geneseo,Knights,Geneseo,New York,State University of New York Athletic Conference,3
State University of New York Maritime College,Privateers,The Bronx,New York,Skyline Conference,3
State University of New York Polytechnic Institute,Wildcats,Marcy,New York,North Eastern Athletic Conference,3
State University of New York at New Paltz,Hawks,New Paltz,New York,State University of New York Athletic Conference,3
State University of New York at Old Westbury,Panthers,Old Westbury,New York,Skyline Conference,3
State University of New York at Oneonta,Red Dragons,Oneonta,New York,State University of New York Athletic Conference,3
State University of New York at Oswego,Lakers,Oswego,New York,State University of New York Athletic Conference,3
State University of New York at Plattsburgh,Cardinals,Plattsburgh,New York,State University of New York Athletic Conference,3
State University of New York at Potsdam,Bears,Potsdam,New York,State University of New York Athletic Conference,3
State University of New York at Purchase,Panthers,Purchase,New York,Skyline Conference,3
New York University (NYU),Violets,New York,New York,University Athletic Association,3
Newbury College,Nighthawks,Brookline,Massachusetts,New England Collegiate Conference,3
Nichols College,Bison,Dudley,Massachusetts,Commonwealth Coast Conference,3
North Carolina Wesleyan College,Bishops,Rocky Mount,North Carolina,USA South Athletic Conference,3
North Central College,Cardinals,Naperville,Illinois,College Conference of Illinois and Wisconsin,3
North Central University,Rams,Minneapolis,Minnesota,Upper Midwest Athletic Conference,3
North Park University,Vikings,Chicago,Illinois,College Conference of Illinois and Wisconsin,3
Northern Vermont University–Johnson,Badgers,Johnson,Vermont,North Atlantic Conference,3
Northern Vermont University–Lyndon,Hornets,Lyndonville,Vermont,North Atlantic Conference,3
Northland College,Lumberjacks and Lumberjills,Ashland,Wisconsin,Upper Midwest Athletic Conference,3
University of Northwestern – St. Paul,Eagles,Roseville,Minnesota,Upper Midwest Athletic Conference,3
Norwich University,Cadets,Northfield,Vermont,Great Northeast Athletic Conference,3
Notre Dame of Maryland University,Gators,Baltimore,Maryland,Colonial States Athletic Conference,3
Oberlin College,Yeomen and Yeowomen,Oberlin,Ohio,North Coast Athletic Conference,3
Occidental College,Tigers,Los Angeles,California,Southern California Intercollegiate Athletic Conference,3
Oglethorpe University,Stormy Petrels,Atlanta,Georgia,Southern Athletic Association,3
Ohio Northern University,Polar Bears,Ada,Ohio,Ohio Athletic Conference,3
Ohio Wesleyan University,Battling Bishops,Delaware,Ohio,North Coast Athletic Conference,3
Olivet College,Comets,Olivet,Michigan,Michigan Intercollegiate Athletic Association,3
Otterbein University,Cardinals,Westerville,Ohio,Ohio Athletic Conference,3
University of the Ozarks,Eagles,Clarksville,Arkansas,American Southwest Conference,3
Pacific Lutheran University,Lutes,Tacoma,Washington,Northwest Conference,3
Pacific University,Boxers,Forest Grove,Oregon,Northwest Conference,3
Pennsylvania College of Technology,Wildcats,Williamsport,Pennsylvania,North Eastern Athletic Conference,3
"Pennsylvania State University, Abington",Nittany Lions,Abington,Pennsylvania,North Eastern Athletic Conference,3
"Pennsylvania State University, Altoona",Lions,Altoona,Pennsylvania,Allegheny Mountain Collegiate Conference,3
"Pennsylvania State University, Berks College",Nittany Lions,Reading,Pennsylvania,North Eastern Athletic Conference,3
"Pennsylvania State University, Erie",Lions,Erie,Pennsylvania,Allegheny Mountain Collegiate Conference,3
"Pennsylvania State University, Harrisburg",Lions,Harrisburg,Pennsylvania,"Capital Athletic Conference
(North Eastern Athletic Conference in 2019)",3
Pfeiffer UniversityA 2,Falcons,Misenheimer,North Carolina,USA South Athletic Conference,3
Piedmont College,Lions,Demorest,Georgia,USA South Athletic Conference,3
Pine Manor College,Gators,Chestnut Hill,Massachusetts,American Collegiate Athletic Association,3
University of Pittsburgh at Bradford,Panthers,Bradford,Pennsylvania,Allegheny Mountain Collegiate Conference,3
University of Pittsburgh at Greensburg,Bobcats,Greensburg,Pennsylvania,Allegheny Mountain Collegiate Conference,3
Plymouth State University,Panthers,Plymouth,New Hampshire,Little East Conference,3
Pomona College and Pitzer College,Sagehens,Claremont,California,Southern California Intercollegiate Athletic Conference,3
Pratt Institute[A 11],Cannoneers,Brooklyn,New York,American Collegiate Athletic Association,3
Principia College,Panthers,Elsah,Illinois,St. Louis Intercollegiate Athletic Conference,3
University of Puget Sound,Loggers,Tacoma,Washington,Northwest Conference,3
Ramapo College,Roadrunners,Mahwah,New Jersey,New Jersey Athletic Conference,3
Randolph College,WildCats,Lynchburg,Virginia,Old Dominion Athletic Conference,3
Randolph–Macon College,Yellow Jackets,Ashland,Virginia,Old Dominion Athletic Conference,3
University of Redlands,Bulldogs,Redlands,California,Southern California Intercollegiate Athletic Conference,3
Regis College,Pride,Weston,Massachusetts,Great Northeast Athletic Conference,3
Rensselaer Polytechnic Institute,Engineers,Troy,New York,Liberty League,3
Rhode Island College,Anchormen,Providence,Rhode Island,Little East Conference,3
Rhodes College,Lynx,Memphis,Tennessee,Southern Athletic Association,3
Ripon College,Red Hawks,Ripon,Wisconsin,Midwest Conference,3
Rivier University,Raiders,Nashua,New Hampshire,Great Northeast Athletic Conference,3
Roanoke College,Maroons,Salem,Virginia,Old Dominion Athletic Conference,3
University of Rochester,Yellowjackets,Rochester,New York,University Athletic Association,3
Rochester Institute of Technology,Tigers,Rochester,New York,Liberty League,3
Rockford University,Regents,Rockford,Illinois,Northern Athletics Collegiate Conference,3
Roger Williams University,Hawks,Bristol,Rhode Island,Commonwealth Coast Conference,3
Rose-Hulman Institute of Technology,Engineers,Terre Haute,Indiana,Heartland Collegiate Athletic Conference,3
Rosemont College,Ravens,Rosement,Pennsylvania,Colonial States Athletic Conference,3
Rowan University,Profs,Glassboro,New Jersey,New Jersey Athletic Conference,3
Russell Sage College,Gators,Troy,New York,Empire 8,3
Rutgers University–Camden,Scarlet Raptors,Camden,New Jersey,New Jersey Athletic Conference,3
Rutgers University–Newark,Scarlet Raiders,Newark,New Jersey,New Jersey Athletic Conference,3
The Sage Colleges,Gators,St. Joseph,Minnesota,Minnesota Intercollegiate Athletic Conference,3
College of Saint Benedict,Blazers,St. Paul,Minnesota,Minnesota Intercollegiate Athletic Conference,3
College of Saint Elizabeth,Screaming Eagles,Convent Station,New Jersey,North Eastern Athletic Conference,3
St. John Fisher College,Cardinals,Pittsford,New York,Empire 8,3
Saint John's University,Johnnies,Collegeville,Minnesota,Minnesota Intercollegiate Athletic Conference,3
University of Saint Joseph,Blue Jays,West Hartford,Connecticut,Great Northeast Athletic Conference,3
St. Joseph's College (Brooklyn),Bears,Brooklyn,New York,Skyline Conference,3
St. Joseph's College (Long Island),Golden Eagles,Long Island,New York,Skyline Conference,3
Saint Joseph's College of Maine,Monks,Standish,Maine,Great Northeast Athletic Conference,3
St. Lawrence University,Saints,Canton,New York,Liberty League,3
Saint Mary's College,Belles,Notre Dame,Indiana,Michigan Intercollegiate Athletic Association,3
St. Mary's College of Maryland,Seahawks,St. Mary's City,Maryland,Capital Athletic Conference,3
Saint Mary's University of Minnesota,Cardinals,Winona,Minnesota,Minnesota Intercollegiate Athletic Conference,3
St. Norbert College,Green Knights,De Pere,Wisconsin,Midwest Conference,3
St. Olaf College,Oles,Northfield,Minnesota,Minnesota Intercollegiate Athletic Conference,3
The College of St. Scholastica,Saints,Duluth,Minnesota,Upper Midwest Athletic Conference,3
University of St. Thomas,Tommies,St. Paul,Minnesota,Minnesota Intercollegiate Athletic Conference,3
University of St. Thomas,Celts,Houston,Texas,Southern Collegiate Athletic Conference,3
Saint Vincent College,Bearcats,Latrobe,Pennsylvania,Presidents' Athletic Conference,3
Salem College,Spirits,Winston-Salem,North Carolina,USA South Athletic Conference,3
Salem State University,Vikings,Salem,Massachusetts,Massachusetts State Collegiate Athletic Conference,3
Salisbury University,Sea Gulls,Salisbury,Maryland,Capital Athletic Conference,3
Salve Regina University,Seahawks,Newport,Rhode Island,Commonwealth Coast Conference,3
Sarah Lawrence College,Gryphons,Yonkers,New York,Skyline Conference,3
Schreiner University,Mountaineers,Kerrville,Texas,Southern Collegiate Athletic Conference,3
University of Scranton,Royals,Scranton,Pennsylvania,Landmark Conference,3
Sewanee: The University of the South,Tigers,Sewanee,Tennessee,Southern Athletic Association,3
Shenandoah University,Hornets,Winchester,Virginia,Old Dominion Athletic Conference,3
Simmons College,Sharks,Boston,Massachusetts,Great Northeast Athletic Conference,3
Simpson College,Storm,Indianola,Iowa,Iowa Intercollegiate Athletic Conference,3
Skidmore College,Thoroughbreds,Saratoga Springs,New York,Liberty League,3
Smith College,Pioneers,Northampton,Massachusetts,New England Women's and Men's Athletic Conference,3
University of Southern Maine,Huskies,Portland,Maine,Little East Conference,3
Southern Vermont College,Mountaineers,Bennington,Vermont,New England Collegiate Conference,3
Southern Virginia University,Knights,Buena Vista,Virginia,Capital Athletic Conference,3
Southwestern University,Pirates,Georgetown,Texas,Southern Collegiate Athletic Conference,3
Spalding University,Golden Eagles,Louisville,Kentucky,St. Louis Intercollegiate Athletic Conference,3
Springfield College,Pride,Springfield,Massachusetts,New England Women's and Men's Athletic Conference,3
College of Staten Island,Dolphins,Staten Island,New York,City University of New York Athletic Conference,3
Stevens Institute of Technology,Ducks,Hoboken,New Jersey,Empire 8,3
Stevenson University,Mustangs,Stevenson,Maryland,MAC Commonwealth Conference,3
Stockton University,Ospreys,Pomona,New Jersey,New Jersey Athletic Conference,3
Suffolk University,Rams,Boston,Massachusetts,Great Northeast Athletic Conference,3
Sul Ross State University,Lobos,Alpine,Texas,American Southwest Conference,3
Susquehanna University,River Hawks,Selinsgrove,Pennsylvania,Landmark Conference,3
Swarthmore College,Garnet,Swarthmore,Pennsylvania,Centennial Conference,3
Sweet Briar College,Vixens,Sweet Briar,Virginia,Old Dominion Athletic Conference,3
University of Texas at Dallas,Comets,Dallas,Texas,American Southwest Conference,3
Texas Lutheran University,Bulldogs,Seguin,Texas,Southern Collegiate Athletic Conference,3
University of Texas at Tyler,Patriots,Tyler,Texas,American Southwest Conference,3
Thiel College,Tomcats,Greenville,Pennsylvania,Presidents' Athletic Conference,3
Thomas College,Terriers,Waterville,Maine,North Atlantic Conference,3
Thomas More College,Saints,Crestview Hills,Kentucky,American Collegiate Athletic Association,3
Transylvania University,Pioneers,Lexington,Kentucky,Heartland Collegiate Athletic Conference,3
Trine University,Thunder,Angola,Indiana,Michigan Intercollegiate Athletic Association,3
Trinity College,Bantams,Hartford,Connecticut,New England Small College Athletic Conference,3
Trinity University,Tigers,San Antonio,Texas,Southern Collegiate Athletic Conference,3
Trinity Washington University,Tigers,Washington,District of Columbia,Independent,3
Tufts University,Jumbos,Medford,Massachusetts,New England Small College Athletic Conference,3
Union College,Dutchmen,Schenectady,New York,Liberty League,3
United States Coast Guard Academy (Coast Guard),Bears,New London,Connecticut,New England Women's and Men's Athletic Conference,3
United States Merchant Marine Academy (Merchant Marine),Mariners,Kings Point,New York,Skyline Conference[3],3
Ursinus College,Bears,Collegeville,Pennsylvania,Centennial Conference,3
Utica College,Pioneers,Utica,New York,Empire 8,3
University of Valley Forge,Patriots,Phoenixville,Pennsylvania,American Collegiate Athletic Association,3
Vassar College,Brewers,Poughkeepsie,New York,Liberty League,3
Virginia Wesleyan University,Marlins,Virginia Beach,Virginia,Old Dominion Athletic Conference,3
Wabash College,Little Giants,Crawfordsville,Indiana,North Coast Athletic Conference,3
Wartburg College,Knights,Waverly,Iowa,Iowa Intercollegiate Athletic Conference,3
Washington & Jefferson College,Presidents,Washington,Pennsylvania,Presidents' Athletic Conference,3
Washington and Lee University,Generals,Lexington,Virginia,Old Dominion Athletic Conference,3
Washington College,Shoremen,Chestertown,Maryland,Centennial Conference,3
Washington University in St. Louis,Bears,St. Louis,Missouri,University Athletic Association,3
Waynesburg University,Yellow Jackets,Waynesburg,Pennsylvania,Presidents' Athletic Conference,3
Webster University,Gorloks,St. Louis,Missouri,St. Louis Intercollegiate Athletic Conference,3
Wellesley College,Blue,Wellesley,Massachusetts,New England Women's and Men's Athletic Conference,3
Wells College,Express,Aurora,New York,North Eastern Athletic Conference,3
Wentworth Institute of Technology,Leopards,Boston,Massachusetts,Commonwealth Coast Conference,3
Wesley College,Wolverines,Dover,Delaware,Atlantic East Conference,3
Wesleyan College,Wolves,Macon,Georgia,USA South Athletic Conference,3
Wesleyan University,Cardinals,Middletown,Connecticut,New England Small College Athletic Conference,3
Western Connecticut State University,Colonials,Danbury,Connecticut,Little East Conference,3
Western New England University,Golden Bears,Springfield,Massachusetts,Commonwealth Coast Conference,3
Westfield State University,Owls,Westfield,Massachusetts,Massachusetts State Collegiate Athletic Conference,3
Westminster College,Blue Jays,Fulton,Missouri,St. Louis Intercollegiate Athletic Conference,3
Westminster College,Titans,New Wilmington,Pennsylvania,Presidents' Athletic Conference,3
Wheaton College,Thunder,Wheaton,Illinois,College Conference of Illinois and Wisconsin,3
Wheaton College,Lyons,Norton,Massachusetts,New England Women's and Men's Athletic Conference,3
Whitman College,Blues,Walla Walla,Washington,Northwest Conference,3
Whittier College,Poets,Whittier,California,Southern California Intercollegiate Athletic Conference,3
Whitworth University,Pirates,Spokane,Washington,Northwest Conference,3
Widener University,Pride,Chester,Pennsylvania,MAC Commonwealth Conference,3
Wilkes University,Colonels,Wilkes-Barre,Pennsylvania,MAC Freedom Conference,3
Willamette University,Bearcats,Salem,Oregon,Northwest Conference,3
William Paterson University,Pioneers,Wayne,New Jersey,New Jersey Athletic Conference,3
William Peace University,Pacers,Raleigh,North Carolina,USA South Athletic Conference,3
William Smith College,Herons,Geneva,New York,Liberty League,3
Williams College,Ephs,Williamstown,Massachusetts,New England Small College Athletic Conference,3
Wilmington College,Quakers,Wilmington,Ohio,Ohio Athletic Conference,3
Wilson College,Phoenix,Chambersburg,Pennsylvania,Colonial States Athletic Conference,3
University of Wisconsin–Eau Claire,Blugolds,Eau Claire,Wisconsin,Wisconsin Intercollegiate Athletic Conference,3
University of Wisconsin–La Crosse,Eagles,La Crosse,Wisconsin,Wisconsin Intercollegiate Athletic Conference,3
Wisconsin Lutheran College,Warriors,Milwaukee,Wisconsin,Northern Athletics Collegiate Conference,3
University of Wisconsin–Oshkosh,Titans,Oshkosh,Wisconsin,Wisconsin Intercollegiate Athletic Conference,3
University of Wisconsin–Platteville,Pioneers,Platteville,Wisconsin,Wisconsin Intercollegiate Athletic Conference,3
University of Wisconsin–River Falls,Falcons,River Falls,Wisconsin,Wisconsin Intercollegiate Athletic Conference,3
University of Wisconsin–Stevens Point,Pointers,Stevens Point,Wisconsin,Wisconsin Intercollegiate Athletic Conference,3
University of Wisconsin–Stout,Blue Devils,Menomonie,Wisconsin,Wisconsin Intercollegiate Athletic Conference,3
University of Wisconsin–Superior,Yellow Jackets,Superior,Wisconsin,Upper Midwest Athletic Conference,3
University of Wisconsin–Whitewater,Warhawks,Whitewater,Wisconsin,Wisconsin Intercollegiate Athletic Conference,3
Wittenberg University,Tigers,Springfield,Ohio,North Coast Athletic Conference,3
College of Wooster,Fighting Scots,Wooster,Ohio,North Coast Athletic Conference,3
Worcester Polytechnic Institute,Engineers,Worcester,Massachusetts,New England Women's and Men's Athletic Conference,3
Worcester State University,Lancers,Worcester,Massachusetts,Massachusetts State Collegiate Athletic Conference,3
Yeshiva University,Maccabees,New York,New York,Skyline Conference,3
"York College, City University of New York ",Cardinals,Queens,New York,City University of New York Athletic Conference,3
York College of Pennsylvania,Spartans,York,Pennsylvania,Capital Athletic Conference,3
